id,canonicalNameAr,canonicalNameEn,brand,category,subcategory,dimensions,styleTags,roomTags,budgetTier,qualityScore,offerIds
prd_9ad49c7ef5d810dba135,كنبة KIVIK ثلاثية المقاعد مع شيزلونج,KIVIK 3-seat sofa with chaise longue,IKEA,sofas,chaise-sofa,"{""widthCm"":null,""depthCm"":null,""heightCm"":null,""lengthCm"":null,""diameterCm"":null,""weightKg"":null}",modern|sectional|black|leather,,luxury,80,off_4fe6f74596cac295dcfe
prd_2f2711bfc0d15ac914aa,كرسي EKENÄSET بذراعين,EKENÄSET Armchair,IKEA,armchairs,armchair,"{""widthCm"":null,""depthCm"":null,""heightCm"":null,""lengthCm"":null,""diameterCm"":null,""weightKg"":null}",retro|scandinavian|light-beige,,balanced,80,off_f5b75411b86f68120b80
prd_cdf3b6712a3327724f7b,كرسي SÖDERHAMN بذراعين,SÖDERHAMN Armchair,IKEA,armchairs,armchair,"{""widthCm"":null,""depthCm"":null,""heightCm"":null,""lengthCm"":null,""diameterCm"":null,""weightKg"":null}",modern|beige|low-profile,,balanced,80,off_f6f6e32481b15b28229e
prd_6f23d20d2c4f9505b199,كرسي BONDHOLMEN خارجي,BONDHOLMEN Outdoor armchair,IKEA,outdoor-seating,outdoor-armchair,"{""widthCm"":null,""depthCm"":null,""heightCm"":null,""lengthCm"":null,""diameterCm"":null,""weightKg"":null}",outdoor|traditional|white|beige,,balanced,80,off_cb1006b965c3aff7c315
prd_bdcba1f700b94e0ad1b4,طاولة قهوة LACK بيضاء,LACK Coffee table white,IKEA,coffee-tables,rectangular-coffee-table,"{""widthCm"":null,""depthCm"":null,""heightCm"":null,""lengthCm"":null,""diameterCm"":null,""weightKg"":null}",minimal|white|budget,,economic,80,off_89c98b27306326d9b6f4
prd_427602ceddba9436e96d,طاولة قهوة LACK بني-أسود,LACK Coffee table black-brown,IKEA,coffee-tables,rectangular-coffee-table,"{""widthCm"":null,""depthCm"":null,""heightCm"":null,""lengthCm"":null,""diameterCm"":null,""weightKg"":null}",minimal|dark-wood|budget,,economic,80,off_42626cb988f5044eb915
prd_eb5b94dafbc63384e6b9,طاولة قهوة HOLMERUD تأثير بلوط,HOLMERUD Coffee table oak effect,IKEA,coffee-tables,rectangular-coffee-table,"{""widthCm"":null,""depthCm"":null,""heightCm"":null,""lengthCm"":null,""diameterCm"":null,""weightKg"":null}",modern|oak|storage,,economic,80,off_f79149b848e577c55cf9
prd_5352938133f935826b01,مصباح أرضي مقوس SKOTTORP / SKAFTET,SKOTTORP / SKAFTET Floor lamp arched,IKEA,lighting,floor-lamp,"{""widthCm"":null,""depthCm"":null,""heightCm"":null,""lengthCm"":null,""diameterCm"":null,""weightKg"":null}",modern|arched|light-grey,,balanced,80,off_a83ff8c0081444175c39
prd_753f2bbe6d486bfb6389,مصباح سقف KÄRRNOCKA أبيض,KÄRRNOCKA Ceiling lamp white,IKEA,lighting,ceiling-lamp,"{""widthCm"":null,""depthCm"":null,""heightCm"":null,""lengthCm"":null,""diameterCm"":null,""weightKg"":null}",minimal|white|ceiling,,economic,80,off_19451968231dd071cddf
prd_bb35819f385b7c6ab060,مصباح طاولة BLÅSVERK بيج,BLÅSVERK Table lamp beige,IKEA,lighting,table-lamp,"{""widthCm"":null,""depthCm"":null,""heightCm"":null,""lengthCm"":null,""diameterCm"":null,""weightKg"":null}",retro|beige|table-lamp,,economic,80,off_3caeb37ab2fb927aa464
prd_81965580fec9b55e69dc,مصباح سقف NÖSUND من البتولا,NÖSUND Ceiling lamp birch,IKEA,lighting,ceiling-lamp,"{""widthCm"":null,""depthCm"":null,""heightCm"":null,""lengthCm"":null,""diameterCm"":null,""weightKg"":null}",natural|birch|scandinavian,,balanced,80,off_90f4a45d5c72bad180e7
prd_0f909f32f495243eeb27,قاعدة مصباح طاولة STRÅLA بيضاء,STRÅLA Table lamp base white,IKEA,lighting,table-lamp-base,"{""widthCm"":null,""depthCm"":null,""heightCm"":null,""lengthCm"":null,""diameterCm"":null,""weightKg"":null}",white|decorative|table-lamp,,economic,80,off_b7a9fb9632773bfac331
prd_08620384cc62eda181cb,مصباح أرضي VIDJA أبيض,VIDJA Floor lamp white,IKEA,lighting,floor-lamp,"{""widthCm"":null,""depthCm"":null,""heightCm"":null,""lengthCm"":null,""diameterCm"":null,""weightKg"":null}",white|ambient|floor-lamp,,economic,80,off_00d0c9076786eafb1e00
prd_f808e7046ab7506f1180,مصباح أرضي HEKTAR رمادي داكن,HEKTAR Floor lamp dark grey,IKEA,lighting,floor-lamp,"{""widthCm"":null,""depthCm"":null,""heightCm"":null,""lengthCm"":null,""diameterCm"":null,""weightKg"":null}",industrial|dark-grey|adjustable,,balanced,56,off_c32315b6c845ad8ccc47
prd_8605d48cbcdf8f1cf72f,ستائر شفافة ALVINE SPETS زوج,"ALVINE SPETS Net curtains, pair",IKEA,curtains,sheer-curtains,"{""widthCm"":null,""depthCm"":null,""heightCm"":null,""lengthCm"":null,""diameterCm"":null,""weightKg"":null}",sheer|off-white|classic,,economic,80,off_ced3e7cb76c279aae96e
prd_56c607b5e96c063f43e4,سرير BRIMNES مع تخزين ولوح رأس,BRIMNES Bed frame with storage and headboard,IKEA,bedroom,bed-frame-storage,"{""widthCm"":null,""depthCm"":null,""heightCm"":null,""lengthCm"":null,""diameterCm"":null,""weightKg"":null}",modern|white|storage,,balanced,80,off_08f01f8bdaeeb8088fa7
prd_18a3d11bcb3f46859bf2,سرير VIHALS أبيض,VIHALS Bed frame white,IKEA,bedroom,bed-frame,"{""widthCm"":null,""depthCm"":null,""heightCm"":null,""lengthCm"":null,""diameterCm"":null,""weightKg"":null}",minimal|white|budget,,economic,68,off_2abb9c16dc41150560d7
prd_c984b7117d3c5acd3887,سرير MALM مرتفع أبيض,MALM Bed frame high white,IKEA,bedroom,bed-frame,"{""widthCm"":null,""depthCm"":null,""heightCm"":null,""lengthCm"":null,""diameterCm"":null,""weightKg"":null}",minimal|white|modern,,balanced,68,off_77a1bca2924b3d72a738
prd_51c30457af22d2c86df4,سرير MALM كينغ مرتفع أبيض,MALM King bed frame high white,IKEA,bedroom,king-bed-frame,"{""widthCm"":null,""depthCm"":null,""heightCm"":null,""lengthCm"":null,""diameterCm"":null,""weightKg"":null}",minimal|white|modern,,balanced,68,off_1e76ccd97b6223695ab2
prd_a61b21186716a7a6346a,سرير TARVA من الصنوبر,TARVA Bed frame pine,IKEA,bedroom,bed-frame,"{""widthCm"":null,""depthCm"":null,""heightCm"":null,""lengthCm"":null,""diameterCm"":null,""weightKg"":null}",natural|pine|scandinavian,,economic,68,off_bbb0873deae3e36f48ac
prd_64836ab4873bbc40c123,سرير STJÄRNÖ أبيض,STJÄRNÖ Bed frame white,IKEA,bedroom,bed-frame,"{""widthCm"":null,""depthCm"":null,""heightCm"":null,""lengthCm"":null,""diameterCm"":null,""weightKg"":null}",white|metal|classic,,balanced,68,off_b21bd456c1fede5c0a21
prd_6b895a4600d0cccc7ebb,كومودينة BJÖRKSNÄS من البتولا,BJÖRKSNÄS Bedside table birch,IKEA,bedroom,bedside-table,"{""widthCm"":null,""depthCm"":null,""heightCm"":null,""lengthCm"":null,""diameterCm"":null,""weightKg"":null}",natural|birch|scandinavian,,balanced,68,off_b5d1ef78c9524d009c9e
prd_b4612a60dfc4ba37c674,كومودينة GRÅFJÄLLET بيضاء,GRÅFJÄLLET Bedside table white,IKEA,bedroom,bedside-table,"{""widthCm"":null,""depthCm"":null,""heightCm"":null,""lengthCm"":null,""diameterCm"":null,""weightKg"":null}",minimal|white|metal,,economic,68,off_b97541383918f5d35b34
prd_2fa825467e789ed229b5,كومودينة KNARREVIK سوداء,KNARREVIK Bedside table black,IKEA,bedroom,bedside-table,"{""widthCm"":null,""depthCm"":null,""heightCm"":null,""lengthCm"":null,""diameterCm"":null,""weightKg"":null}",minimal|black|metal,,economic,68,off_851ff2f2ef7ad4876b70
prd_56531f7dfa39f541e3b4,دولاب NORDKISA مفتوح بباب سحاب,NORDKISA Open wardrobe with sliding door,IKEA,storage,wardrobe,"{""widthCm"":null,""depthCm"":null,""heightCm"":null,""lengthCm"":null,""diameterCm"":null,""weightKg"":null}",bamboo|natural|open-storage,,balanced,80,off_ca86998b12f3805b384b
prd_d1a9bd38c66f7835db28,دولاب PLATSA بثلاثة أبواب و6 أدراج,PLATSA Wardrobe with 3 doors and 6 drawers,IKEA,storage,wardrobe,"{""widthCm"":null,""depthCm"":null,""heightCm"":null,""lengthCm"":null,""diameterCm"":null,""weightKg"":null}",white|modular|large-storage,,luxury,68,off_fdc853b1a28ab4f79506
prd_7f9c05bd2967ce74ac62,دولاب PLATSA بثلاثة أبواب,PLATSA Wardrobe with 3 doors,IKEA,storage,wardrobe,"{""widthCm"":null,""depthCm"":null,""heightCm"":null,""lengthCm"":null,""diameterCm"":null,""weightKg"":null}",white|modular|clean,,balanced,68,off_75bdf4f5b3e0416d2a2f
prd_d31197a71da7ef31e1a0,دولاب PAX / MEHAMN / AULI بمرآة,PAX / MEHAMN / AULI Wardrobe with mirror glass,IKEA,storage,mirrored-wardrobe,"{""widthCm"":null,""depthCm"":null,""heightCm"":null,""lengthCm"":null,""diameterCm"":null,""weightKg"":null}",mirror|oak-effect|premium,,luxury,68,off_d74d6c53871e361f9c39
prd_5319860b9e99af7e9a7d,دولاب RAKKESTAD بثلاثة أبواب,RAKKESTAD Wardrobe with 3 doors,IKEA,storage,wardrobe,"{""widthCm"":null,""depthCm"":null,""heightCm"":null,""lengthCm"":null,""diameterCm"":null,""weightKg"":null}",dark-wood|compact|modern,,economic,68,off_fd33a206ac3132326957
prd_c010e79270a8f145b2d2,دولاب KLEPPSTAD بثلاثة أبواب,KLEPPSTAD Wardrobe with 3 doors,IKEA,storage,wardrobe,"{""widthCm"":null,""depthCm"":null,""heightCm"":null,""lengthCm"":null,""diameterCm"":null,""weightKg"":null}",white|budget|simple,,economic,68,off_c2a1c9b8d483db02ed7d
prd_d1dcf7bf1c677b93f67a,دولاب PAX / BERGSBO أبيض,PAX / BERGSBO Wardrobe white,IKEA,storage,wardrobe,"{""widthCm"":null,""depthCm"":null,""heightCm"":null,""lengthCm"":null,""diameterCm"":null,""weightKg"":null}",white|classic|modular,,luxury,68,off_2393a12b5aa7431845f5
prd_7db18128223dfcdaa965,مرتبة فوم ÅKREHAMN صلبة,ÅKREHAMN Foam mattress firm,IKEA,mattresses,foam-mattress,"{""widthCm"":null,""depthCm"":null,""heightCm"":null,""lengthCm"":null,""diameterCm"":null,""weightKg"":null}",foam|firm|white,,balanced,68,off_3d40bcac1df20d9b0b36
prd_adff6e70c14eb4ac0df2,مرتبة نوابض منفصلة VESTERÖY صلبة,VESTERÖY Pocket sprung mattress firm,IKEA,mattresses,pocket-sprung-mattress,"{""widthCm"":null,""depthCm"":null,""heightCm"":null,""lengthCm"":null,""diameterCm"":null,""weightKg"":null}",pocket-spring|firm|value,,economic,68,off_4b606f42e45c4281b9e8
prd_311ca783af8cc79c893e,مرتبة نوابض منفصلة VATNESTRÖM صلبة,VATNESTRÖM Pocket sprung mattress firm,IKEA,mattresses,pocket-sprung-mattress,"{""widthCm"":null,""depthCm"":null,""heightCm"":null,""lengthCm"":null,""diameterCm"":null,""weightKg"":null}",premium|pocket-spring|natural,,luxury,68,off_cd068baac9041da37d10
prd_56dbd448cd4c284fb3f6,مرتبة VALEVÅG مع طبقة علوية,VALEVÅG Mattress and mattress pad firm,IKEA,mattresses,mattress-set,"{""widthCm"":null,""depthCm"":null,""heightCm"":null,""lengthCm"":null,""diameterCm"":null,""weightKg"":null}",firm|mattress-pad|light-blue,,balanced,80,off_47c61df8c8b60ff7a9aa
prd_390e0db5cd050ef903cf,سرير MALM مع مرتبة VESTERÖY,MALM Bed frame with VESTERÖY mattress,IKEA,bedroom,bed-and-mattress-set,"{""widthCm"":null,""depthCm"":null,""heightCm"":null,""lengthCm"":null,""diameterCm"":null,""weightKg"":null}",white|complete-set|modern,,balanced,68,off_2827752b439817094253
prd_ac50fc6995c049642dbf,وحدة تلفزيون BRIMNES بيضاء,BRIMNES TV bench white,IKEA,tv-media,tv-bench,"{""widthCm"":null,""depthCm"":null,""heightCm"":null,""lengthCm"":null,""diameterCm"":null,""weightKg"":null}",white|storage|modern,living-room|majlis,economic,80,off_a2b90c8dc0e50aa851ca
prd_ac04fa1267712e092fdb,وحدة تلفزيون LACK بيضاء,LACK TV bench white,IKEA,tv-media,tv-bench,"{""widthCm"":null,""depthCm"":null,""heightCm"":null,""lengthCm"":null,""diameterCm"":null,""weightKg"":null}",white|minimal|budget,living-room|bedroom,economic,80,off_1f4d54d7d1d4c3c433f9
prd_268ee1d5e4306fe50eb4,وحدة تلفزيون BESTÅ BURS أبيض لامع,BESTÅ BURS TV bench high-gloss white,IKEA,tv-media,tv-bench,"{""widthCm"":null,""depthCm"":null,""heightCm"":null,""lengthCm"":null,""diameterCm"":null,""weightKg"":null}",white|high-gloss|modern,living-room|majlis,balanced,80,off_5f60568a505fbeba2e08
prd_59644e999ab37dbb69e2,وحدة تلفزيون BYÅS أبيض لامع,BYÅS TV bench high-gloss white,IKEA,tv-media,tv-bench,"{""widthCm"":null,""depthCm"":null,""heightCm"":null,""lengthCm"":null,""diameterCm"":null,""weightKg"":null}",white|high-gloss|storage,living-room,economic,80,off_dafeab655235a4f3c7be
prd_afc608c11b609c2e2d8a,وحدة تلفزيون VIHALS بيضاء,VIHALS TV bench white,IKEA,tv-media,tv-bench,"{""widthCm"":null,""depthCm"":null,""heightCm"":null,""lengthCm"":null,""diameterCm"":null,""weightKg"":null}",white|modern|drawers,living-room|majlis,balanced,56,off_3b447666ec8469af081e
prd_e484ff5f84209e1a83bd,وحدة تلفزيون VIHALS رمادي داكن,VIHALS TV bench dark grey,IKEA,tv-media,tv-bench,"{""widthCm"":null,""depthCm"":null,""heightCm"":null,""lengthCm"":null,""diameterCm"":null,""weightKg"":null}",dark-grey|modern|drawers,living-room,balanced,68,off_c24fb9c88174c3632426
prd_4f22bd77107a5154f1bd,وحدة تلفزيون BESTÅ بأبواب بيضاء,BESTÅ TV bench with doors white,IKEA,tv-media,tv-bench-with-doors,"{""widthCm"":null,""depthCm"":null,""heightCm"":null,""lengthCm"":null,""diameterCm"":null,""weightKg"":null}",white|closed-storage|modern,living-room|majlis,balanced,68,off_931551b12599ba66a43c
prd_f18eac56c2108910dba0,وحدة تلفزيون KALLAX بيضاء,KALLAX TV bench white,IKEA,tv-media,tv-bench,"{""widthCm"":null,""depthCm"":null,""heightCm"":null,""lengthCm"":null,""diameterCm"":null,""weightKg"":null}",white|open-storage|modular,living-room|bedroom,economic,80,off_07dede8d555c52c1d0ca
prd_8fa275551d587be68253,تشكيلة تلفزيون وتخزين VIHALS بيضاء,VIHALS TV/storage combination white,IKEA,tv-media,tv-storage-combination,"{""widthCm"":null,""depthCm"":null,""heightCm"":null,""lengthCm"":null,""diameterCm"":null,""weightKg"":null}",white|large-storage|modern|modular|storage,living-room|majlis,luxury,61,off_60cb2dd9e115f479844c|off_e66f68d76de801175291|off_52b7a306e74d292e8b10|off_5568b250535c7ebe049e|off_6b58795203d028d01ea4
prd_027753f4335c09bb0378,تشكيلة تلفزيون وتخزين VIHALS رمادي داكن,VIHALS TV/storage combination dark grey,IKEA,tv-media,tv-storage-combination,"{""widthCm"":null,""depthCm"":null,""heightCm"":null,""lengthCm"":null,""diameterCm"":null,""weightKg"":null}",dark-grey|modular|storage|large-storage|modern,living-room|majlis,balanced,64,off_b8ea0b942b4f59a7aa19|off_3f310934d2a550d7c035|off_b09cb802204653ae3e3d
prd_b830ed4e09235e9c45ff,طاولة طعام MÖRBYLÅNGA,MÖRBYLÅNGA Table oak veneer brown stained,IKEA,dining,dining-table,"{""widthCm"":null,""depthCm"":null,""heightCm"":null,""lengthCm"":null,""diameterCm"":null,""weightKg"":null}",oak|brown|solid-wood,dining-room|majlis,luxury,80,off_57b176f7687e4533c5dd
prd_767e643d246617c72c4e,طاولة VIHALS أخضر/أبيض,VIHALS Table green/white,IKEA,dining,dining-table,"{""widthCm"":null,""depthCm"":null,""heightCm"":null,""lengthCm"":null,""diameterCm"":null,""weightKg"":null}",green|white|minimal,dining-room|kitchen,economic,68,off_574bd6715e55eaf88dce
prd_1b4b6155eb573dc99d3d,طاولة HAUGA رمادي/قشرة بتولا,HAUGA Table grey/birch veneer,IKEA,dining,dining-table,"{""widthCm"":null,""depthCm"":null,""heightCm"":null,""lengthCm"":null,""diameterCm"":null,""weightKg"":null}",grey|birch|traditional,dining-room|kitchen,economic,56,off_929042cd1e58516e5c85
prd_59f6e78e85c9cf8dd9d2,طاولة HAUGA أبيض/قشرة بتولا,HAUGA Table white/birch veneer,IKEA,dining,dining-table,"{""widthCm"":null,""depthCm"":null,""heightCm"":null,""lengthCm"":null,""diameterCm"":null,""weightKg"":null}",white|birch|traditional,dining-room|kitchen,economic,80,off_5069c235e20a4dd55eda
prd_a8ad0db8ea7e2802c48b,طاولة STOCKHOLM 2025 قشرة بلوط,STOCKHOLM 2025 Table oak veneer,IKEA,dining,dining-table,"{""widthCm"":null,""depthCm"":null,""heightCm"":null,""lengthCm"":null,""diameterCm"":null,""weightKg"":null}",oak|premium|oval,dining-room|majlis,luxury,80,off_21dd0b4658adf54f8af5
prd_18836b57044927de99a4,سطح طاولة STOCKHOLM 2025 قشرة بلوط,STOCKHOLM 2025 Table top oak veneer,IKEA,dining,table-top,"{""widthCm"":null,""depthCm"":null,""heightCm"":null,""lengthCm"":null,""diameterCm"":null,""weightKg"":null}",oak|premium|table-top,dining-room,luxury,68,off_9c821dcb5f01470fca0e
prd_e2196ad2fcd30e32c0f3,طاولة HAUGA مع كرسيين أبيض,HAUGA / HAUGA Table and 2 chairs white,IKEA,dining,dining-set,"{""widthCm"":null,""depthCm"":null,""heightCm"":null,""lengthCm"":null,""diameterCm"":null,""weightKg"":null}",white|compact|2-seat,dining-room|kitchen,balanced,56,off_0fe758cd76edd350a1f8
prd_edd3fff12f1dea50dfa8,طاولة HAUGA مع كرسيين رمادي,HAUGA / HAUGA Table and 2 chairs grey,IKEA,dining,dining-set,"{""widthCm"":null,""depthCm"":null,""heightCm"":null,""lengthCm"":null,""diameterCm"":null,""weightKg"":null}",grey|compact|2-seat,dining-room|kitchen,balanced,56,off_949870accd977ad8d472
prd_fc28c67ab661189e0c63,طاولة HAUGA مع كرسيين STEFAN,HAUGA / STEFAN Table and 2 chairs,IKEA,dining,dining-set,"{""widthCm"":null,""depthCm"":null,""heightCm"":null,""lengthCm"":null,""diameterCm"":null,""weightKg"":null}",grey|brown-black|upholstered,dining-room|kitchen,balanced,68,off_92357e55b76542443dbd
prd_968d5f483feff89ae3b6,طاولة STOCKHOLM 2025 مع 6 كراسي جلد بني داكن,STOCKHOLM 2025 Table and 6 chairs dark brown leather,IKEA,dining,dining-set,"{""widthCm"":null,""depthCm"":null,""heightCm"":null,""lengthCm"":null,""diameterCm"":null,""weightKg"":null}",oak|dark-brown|leather,dining-room|majlis,luxury,68,off_9650d8c254ae0ae3357c
prd_547f9fc4fe658d3c5155,طاولة STOCKHOLM 2025 مع 6 كراسي جلد بلوط,STOCKHOLM 2025 Table and 6 chairs oak leather,IKEA,dining,dining-set,"{""widthCm"":null,""depthCm"":null,""heightCm"":null,""lengthCm"":null,""diameterCm"":null,""weightKg"":null}",oak|leather|premium,dining-room|majlis,luxury,68,off_4af31f2b23ab0666d090
prd_7b16cbe193ae3bb6f1c2,طاولة STOCKHOLM 2025 مع 6 كراسي راتان,STOCKHOLM 2025 Table and 6 chairs oak rattan,IKEA,dining,dining-set,"{""widthCm"":null,""depthCm"":null,""heightCm"":null,""lengthCm"":null,""diameterCm"":null,""weightKg"":null}",oak|rattan|premium,dining-room|majlis,luxury,68,off_9683859aea98c9e3b18c
prd_dacd3b5270539f9f0e76,مرآة LINDBYN ذهبية,LINDBYN Mirror gold-colour,IKEA,mirrors,wall-mirror,"{""widthCm"":null,""depthCm"":null,""heightCm"":null,""lengthCm"":null,""diameterCm"":null,""weightKg"":null}",gold|rounded|elegant,living-room|bedroom|hallway,balanced,68,off_893c11023a5e1c22efc5
prd_bfd7ccda2dfd865f1f78,مرآة واقفة KNAPPER بيضاء,KNAPPER Standing mirror white,IKEA,mirrors,standing-mirror,"{""widthCm"":null,""depthCm"":null,""heightCm"":null,""lengthCm"":null,""diameterCm"":null,""weightKg"":null}",white|standing|storage-hooks,bedroom|dressing-room,balanced,68,off_ed5a9e6b4e3f19025a04
prd_128c84b2afba97a01224,,"KRAGSTA Coffee table, black, 90 cm",IKEA,living room,Coffee table,"{""widthCm"":null,""depthCm"":null,""heightCm"":null,""lengthCm"":null,""diameterCm"":null,""weightKg"":null}",,,,56,off_96c2b8d82a153ed5d982
prd_a34a28a36659a0f945ee,,"LACK Coffee table, black-brown, 90x55 cm",IKEA,living room,Coffee table,"{""widthCm"":null,""depthCm"":null,""heightCm"":null,""lengthCm"":null,""diameterCm"":null,""weightKg"":null}",,,,56,off_484ced522d42e4e3cff8
prd_ed3a9c123add5624b8c2,,"ÄMMARYD Coffee table, white, 98x59 cm",IKEA,living room,Coffee table,"{""widthCm"":null,""depthCm"":null,""heightCm"":null,""lengthCm"":null,""diameterCm"":null,""weightKg"":null}",,,,56,off_fad861e8c363eae37e63
prd_d053e14641c6b13be938,,"UGGLERUM Coffee table, walnut veneer, 130x65 cm",IKEA,living room,Coffee table,"{""widthCm"":null,""depthCm"":null,""heightCm"":null,""lengthCm"":null,""diameterCm"":null,""weightKg"":null}",,,,56,off_bd08ab25e849d937bc57
prd_0f9b00df4e57e781cb4f,,"VALNÄS Coffee table, oak veneer, 118x72 cm",IKEA,living room,Coffee table,"{""widthCm"":null,""depthCm"":null,""heightCm"":null,""lengthCm"":null,""diameterCm"":null,""weightKg"":null}",,,,56,off_4fc34b44c61525b3a17f
prd_0f602ce392714718b0df,,"VITTSJÖ Coffee table, light beige/glass, 75 cm",IKEA,living room,Coffee table,"{""widthCm"":null,""depthCm"":null,""heightCm"":null,""lengthCm"":null,""diameterCm"":null,""weightKg"":null}",,,,56,off_bc8b056ed2cc14bbeceb
prd_8107e36231cd7238f2f9,,"TONSTAD Coffee table, off-white, 84x82 cm",IKEA,living room,Coffee table,"{""widthCm"":null,""depthCm"":null,""heightCm"":null,""lengthCm"":null,""diameterCm"":null,""weightKg"":null}",,,,56,off_471b1fe7b43e71a2bf93
prd_cc34fcb42086cdef1e30,,"ÖKENSAND Floor lamp, beech/white",IKEA,lighting,Floor lamp,"{""widthCm"":null,""depthCm"":null,""heightCm"":null,""lengthCm"":null,""diameterCm"":null,""weightKg"":null}",,,,56,off_092039cc73a9e6245a47
prd_a7b521d495bf97eaaf57,,"LAUTERS Floor lamp, brown ash/white",IKEA,lighting,Floor lamp,"{""widthCm"":null,""depthCm"":null,""heightCm"":null,""lengthCm"":null,""diameterCm"":null,""weightKg"":null}",,,,56,off_5e3a98528fff781cbbc6
prd_78f3a278eeef36b29718,,"UPPVIND Floor lamp, brass-plated/white",IKEA,lighting,Floor lamp,"{""widthCm"":null,""depthCm"":null,""heightCm"":null,""lengthCm"":null,""diameterCm"":null,""weightKg"":null}",,,,56,off_d8f1d7db5b58c9650869
prd_9f0f28d5e167c91ff237,,"NYFORS Floor lamp, nickel-plated white",IKEA,lighting,Floor lamp,"{""widthCm"":null,""depthCm"":null,""heightCm"":null,""lengthCm"":null,""diameterCm"":null,""weightKg"":null}",,,,56,off_920b8c43247b20588866
prd_767866d59c0d827c6244,,"NYMÅNE Floor lamp with 3-spot, white",IKEA,lighting,Floor lamp,"{""widthCm"":null,""depthCm"":null,""heightCm"":null,""lengthCm"":null,""diameterCm"":null,""weightKg"":null}",,,,56,off_1d18a8906134fc05f1d6
prd_92f84acb8adf800850b4,,"BARLAST Floor lamp, black/white, 150 cm",IKEA,lighting,Floor lamp,"{""widthCm"":null,""depthCm"":null,""heightCm"":null,""lengthCm"":null,""diameterCm"":null,""weightKg"":null}",,,,56,off_bb6d542899511395c85f
prd_3dcb6737d6bbfb7a672a,,"BLÄNKFYR Floor lamp, nickel-plated",IKEA,lighting,Floor lamp,"{""widthCm"":null,""depthCm"":null,""heightCm"":null,""lengthCm"":null,""diameterCm"":null,""weightKg"":null}",,,,56,off_1533c041f2175c01e047
prd_f84dbd3e88d9c4cde1c2,,"ÅRSTID Floor lamp, nickel-plated/white",IKEA,lighting,Floor lamp,"{""widthCm"":null,""depthCm"":null,""heightCm"":null,""lengthCm"":null,""diameterCm"":null,""weightKg"":null}",,,,56,off_9a6de319a1338fb026e4
prd_e23d5233cf7fb178347c,,"POÄNG Armchair and footstool, birch veneer/Knisa black",IKEA,living room,Armchair set,"{""widthCm"":null,""depthCm"":null,""heightCm"":null,""lengthCm"":null,""diameterCm"":null,""weightKg"":null}",,,,56,off_abf08069c749287ff0f7
prd_2b993000105baa24cef3,,"EKTORP Armchair, Kilanda light beige",IKEA,living room,Armchair,"{""widthCm"":null,""depthCm"":null,""heightCm"":null,""lengthCm"":null,""diameterCm"":null,""weightKg"":null}",,,,56,off_7da260bc6a7c0ae9726a
prd_e533e3df8edcf6f729bf,,"VISKAFORS 1.5-seat armchair, Lejde light beige",IKEA,living room,Armchair,"{""widthCm"":null,""depthCm"":null,""heightCm"":null,""lengthCm"":null,""diameterCm"":null,""weightKg"":null}",,,,56,off_fc29d786909b057c6558
prd_ff93cb7a59d21adb5c6c,,"POÄNG Armchair, black-brown/Hillared anthracite",IKEA,living room,Armchair,"{""widthCm"":null,""depthCm"":null,""heightCm"":null,""lengthCm"":null,""diameterCm"":null,""weightKg"":null}",,,,56,off_abdade4bb8137bc85cee
prd_9cc421f5996640c300b4,,"POÄNG Armchair and footstool, birch veneer/Knisa light beige",IKEA,living room,Armchair set,"{""widthCm"":null,""depthCm"":null,""heightCm"":null,""lengthCm"":null,""diameterCm"":null,""weightKg"":null}",,,,56,off_1024a95437dfd76bc28a
prd_c88a898c8a6136b20a1d,,"PERSBOL Armchair, black/Tibbleby beige-grey",IKEA,living room,Armchair,"{""widthCm"":null,""depthCm"":null,""heightCm"":null,""lengthCm"":null,""diameterCm"":null,""weightKg"":null}",,,,56,off_63567ac20e63cdb4ed3f
prd_16811da3764fc682cd5c,,"ÅRSUNDA Armchair, Knisa light grey",IKEA,living room,Armchair,"{""widthCm"":null,""depthCm"":null,""heightCm"":null,""lengthCm"":null,""diameterCm"":null,""weightKg"":null}",,,,56,off_acc48617cabc624fbafa
prd_4f63a8ae381e675987a9,,"VEDBO High-back armchair, Gunnared dark grey",IKEA,living room,Armchair,"{""widthCm"":null,""depthCm"":null,""heightCm"":null,""lengthCm"":null,""diameterCm"":null,""weightKg"":null}",,,,56,off_b2e5266cc5f7625397b0
prd_9f2698ba4fc3e4b4da97,,"VISKAFORS 2-seat sofa, Lejde grey-green",IKEA,living room,2-seat sofa,"{""widthCm"":null,""depthCm"":null,""heightCm"":null,""lengthCm"":null,""diameterCm"":null,""weightKg"":null}",,,,56,off_278abaec273c8e25a090
prd_6eb19a0dd232a5eb5a41,,"ÄPPLARYD 2-seat sofa, Lejde grey/black",IKEA,living room,2-seat sofa,"{""widthCm"":null,""depthCm"":null,""heightCm"":null,""lengthCm"":null,""diameterCm"":null,""weightKg"":null}",,,,56,off_39e7e6cc35134c122471
prd_7cf6f0c232d91ba13498,,"LANDSKRONA 2-seat sofa, Grann/Bomstad golden-brown/wood",IKEA,living room,2-seat sofa,"{""widthCm"":null,""depthCm"":null,""heightCm"":null,""lengthCm"":null,""diameterCm"":null,""weightKg"":null}",,,,56,off_ecb32489baf243968982
prd_a64b917d304cf7885cb9,,"SÖDERHAMN 2-seat sofa with chaise longue, Viarp beige/brown",IKEA,living room,Sofa with chaise longue,"{""widthCm"":null,""depthCm"":null,""heightCm"":null,""lengthCm"":null,""diameterCm"":null,""weightKg"":null}",,,,56,off_1682dea87a9c9b3309c4
prd_72edc8efa95243ebd74e,,"SLATTUM Upholstered bed frame, Vissle dark grey, 140x200 cm",IKEA,bedroom,Bed frame,"{""widthCm"":null,""depthCm"":null,""heightCm"":null,""lengthCm"":null,""diameterCm"":null,""weightKg"":null}",,,,56,off_dd5e5e238015aabcc1dc
prd_a80ac06fd5124e800051,,"KLEPPSTAD Bed frame, white/Vissle beige, 140x200 cm",IKEA,bedroom,Bed frame,"{""widthCm"":null,""depthCm"":null,""heightCm"":null,""lengthCm"":null,""diameterCm"":null,""weightKg"":null}",,,,56,off_35a6daf67bd9bedb84bb
prd_11d787e8d747ec6034bb,,"NEIDEN Bed frame, pine, 140x200 cm",IKEA,bedroom,Bed frame,"{""widthCm"":null,""depthCm"":null,""heightCm"":null,""lengthCm"":null,""diameterCm"":null,""weightKg"":null}",,,,56,off_d67fca44650a50488a11
prd_d4b2a5fde0d6ca025f84,,"MALM Bed frame, high, white, 140x200 cm",IKEA,bedroom,Bed frame,"{""widthCm"":null,""depthCm"":null,""heightCm"":null,""lengthCm"":null,""diameterCm"":null,""weightKg"":null}",,,,56,off_02f4bc316c7ec42a101f
prd_f523d09c08ba5aca7f27,,"BRIMNES Bed frame with storage and headboard, white, 160x200 cm",IKEA,bedroom,Storage bed,"{""widthCm"":null,""depthCm"":null,""heightCm"":null,""lengthCm"":null,""diameterCm"":null,""weightKg"":null}",,,,56,off_c79c189162079fc88937
prd_e2733bcc40822eddcf29,,"RAMNEFJÄLL Upholstered bed frame, Kilanda light beige, 160x200 cm",IKEA,bedroom,Bed frame,"{""widthCm"":null,""depthCm"":null,""heightCm"":null,""lengthCm"":null,""diameterCm"":null,""weightKg"":null}",,,,56,off_e4f96d1f597004c94efa
prd_be1d75c77c336b3ba734,,"IDANÄS Bed frame, white, 140x200 cm",IKEA,bedroom,Bed frame,"{""widthCm"":null,""depthCm"":null,""heightCm"":null,""lengthCm"":null,""diameterCm"":null,""weightKg"":null}",,,,56,off_cc877aa9bf1c1a5e3f2f
prd_eab6534263496343075f,,"IDANÄS Upholstered bed frame, Naggen beige, 140x200 cm",IKEA,bedroom,Bed frame,"{""widthCm"":null,""depthCm"":null,""heightCm"":null,""lengthCm"":null,""diameterCm"":null,""weightKg"":null}",,,,56,off_2c44a1069f33a521eba0
prd_c35c844c5fe27bbcdadd,,"VIHALS Bed frame, white, 160x200 cm",IKEA,bedroom,Bed frame,"{""widthCm"":null,""depthCm"":null,""heightCm"":null,""lengthCm"":null,""diameterCm"":null,""weightKg"":null}",,,,56,off_a2bdd77d82a6bbb4dcfd
prd_f50e8f716ba85e118526,,"VIHALS Bed frame with 1 trundle bed, white/Luröy, 140x200 cm",IKEA,bedroom,Trundle bed,"{""widthCm"":null,""depthCm"":null,""heightCm"":null,""lengthCm"":null,""diameterCm"":null,""weightKg"":null}",,,,56,off_2f8595a1e1c1a0899187
prd_56b0bc89949ab05fc94b,,"SLATTUM Upholstered bed frame with headboard slipcover, 180x200 cm",IKEA,bedroom,Bed frame,"{""widthCm"":null,""depthCm"":null,""heightCm"":null,""lengthCm"":null,""diameterCm"":null,""weightKg"":null}",,,,56,off_a990f7a31c0d189f715a
prd_910750e857d8b46cfaf5,,"TÄLLÅSEN Upholstered bed frame, Kulsta grey-green, 140x200 cm",IKEA,bedroom,Bed frame,"{""widthCm"":null,""depthCm"":null,""heightCm"":null,""lengthCm"":null,""diameterCm"":null,""weightKg"":null}",,,,56,off_53e73e88154907558516
prd_7a963eb9c2a8bde5b30d,,"STJÄRNÖ Bed frame, white/Lönset, 140x200 cm",IKEA,bedroom,Bed frame,"{""widthCm"":null,""depthCm"":null,""heightCm"":null,""lengthCm"":null,""diameterCm"":null,""weightKg"":null}",,,,56,off_3f8c733242760b6c113f
prd_ded3f61d142426058ee4,,"TUFJORD Upholstered bed frame, Tallmyra black-blue, 140x200 cm",IKEA,bedroom,Bed frame,"{""widthCm"":null,""depthCm"":null,""heightCm"":null,""lengthCm"":null,""diameterCm"":null,""weightKg"":null}",,,,56,off_d656f4da26163c89c73a
prd_3c06b7bb7c54aed2ffc1,,"MALM Ottoman bed, white, 180x200 cm",IKEA,bedroom,Ottoman bed,"{""widthCm"":null,""depthCm"":null,""heightCm"":null,""lengthCm"":null,""diameterCm"":null,""weightKg"":null}",,,,56,off_372faa761837bbe10681
prd_0fcad8c7405b22771cd5,,"NORDLI Bed frame with storage and headboard, white, 140x200 cm",IKEA,bedroom,Storage bed,"{""widthCm"":null,""depthCm"":null,""heightCm"":null,""lengthCm"":null,""diameterCm"":null,""weightKg"":null}",,,,56,off_724e735b79b1e2aa6873
prd_daf58b414d214013703b,,"RÅDMANSÖ Bed frame, brown walnut effect/Leirsund, 140x200 cm",IKEA,bedroom,Bed frame,"{""widthCm"":null,""depthCm"":null,""heightCm"":null,""lengthCm"":null,""diameterCm"":null,""weightKg"":null}",,,,56,off_63fbd2d9e99300880a26
prd_5df7d8d2de09a9142f53,,"TONSTAD Bed frame with storage, brown stained oak veneer/Luröy, 140x200 cm",IKEA,bedroom,Storage bed,"{""widthCm"":null,""depthCm"":null,""heightCm"":null,""lengthCm"":null,""diameterCm"":null,""weightKg"":null}",,,,56,off_74ac4ac5971b5ffad570
prd_815ce3781c0170de2646,,"VEVELSTAD Bed frame, white, 160x200 cm",IKEA,bedroom,Bed frame,"{""widthCm"":null,""depthCm"":null,""heightCm"":null,""lengthCm"":null,""diameterCm"":null,""weightKg"":null}",,,,56,off_f305b15c0f0266d3fe2a
prd_90ef46527c263ffe04a1,,"SAGESUND Upholstered bed frame, Diseröd brown, 180x200 cm",IKEA,bedroom,Bed frame,"{""widthCm"":null,""depthCm"":null,""heightCm"":null,""lengthCm"":null,""diameterCm"":null,""weightKg"":null}",,,,56,off_77bbdaaec92939be342d
prd_93f8a20969d23b07b9d7,,"IDANÄS Bed frame with storage, dark brown/Lönset, 180x200 cm",IKEA,bedroom,Storage bed,"{""widthCm"":null,""depthCm"":null,""heightCm"":null,""lengthCm"":null,""diameterCm"":null,""weightKg"":null}",,,,56,off_b4e2f5bad111215d7c9f
prd_bd9c8a50b98474d56072,,"BRIMNES Bed frame with storage, white, 160x200 cm",IKEA,bedroom,Storage bed,"{""widthCm"":null,""depthCm"":null,""heightCm"":null,""lengthCm"":null,""diameterCm"":null,""weightKg"":null}",,,,56,off_a24f8923521c0cc71dd9
prd_d3e3ab6121a902bec87b,,"TARVA Bed frame, pine, 140x200 cm",IKEA,bedroom,Bed frame,"{""widthCm"":null,""depthCm"":null,""heightCm"":null,""lengthCm"":null,""diameterCm"":null,""weightKg"":null}",,,,56,off_4be68380609d47effa5d
prd_2b8a83086824944884c2,,"BJÖRKSNÄS Bed frame, birch/birch veneer/Luröy, 140x200 cm",IKEA,bedroom,Bed frame,"{""widthCm"":null,""depthCm"":null,""heightCm"":null,""lengthCm"":null,""diameterCm"":null,""weightKg"":null}",,,,56,off_e901286efe14f4a9e3c3
prd_8f7ac938cae8cdb55ff1,,"DANDERYD Dining table, white, 130x80 cm",IKEA,dining room,Dining table,"{""widthCm"":null,""depthCm"":null,""heightCm"":null,""lengthCm"":null,""diameterCm"":null,""weightKg"":null}",,,,56,off_5b3e1a926e48d8c27027
prd_f3849776c5e9bab1b0ef,,"DANDERYD Dining table, oak veneer/white, 130x80 cm",IKEA,dining room,Dining table,"{""widthCm"":null,""depthCm"":null,""heightCm"":null,""lengthCm"":null,""diameterCm"":null,""weightKg"":null}",,,,56,off_299e14096ab75e345890
prd_9625219a5e1d54b030bc,,"KRYLBO Chair, Tonerud dark beige",IKEA,dining room,Dining chair,"{""widthCm"":null,""depthCm"":null,""heightCm"":null,""lengthCm"":null,""diameterCm"":null,""weightKg"":null}",,,,56,off_125db8f9441caa46cf13
prd_06bf4413a69eb5a2c3da,,"TYSSEDAL Bed frame, white, 160x200 cm",IKEA,bedroom,Bed frame,"{""widthCm"":null,""depthCm"":null,""heightCm"":null,""lengthCm"":null,""diameterCm"":null,""weightKg"":null}",,,,56,off_458d5ad73c31e981f4f1
prd_4ce0909654ef3f942f14,,"PAX / FORSAND Wardrobe, white/white, 250x60x201 cm",IKEA,bedroom,Wardrobe,"{""widthCm"":null,""depthCm"":null,""heightCm"":null,""lengthCm"":null,""diameterCm"":null,""weightKg"":null}",,,,56,off_cc4880b523ee82d5a1c2
prd_5353db0a723b0118baa3,,"SANDSBERG Table, black, 110x67 cm",IKEA,dining room,Dining table,"{""widthCm"":null,""depthCm"":null,""heightCm"":null,""lengthCm"":null,""diameterCm"":null,""weightKg"":null}",,,,56,off_93c7564be9fc11f110fd
prd_f6cbc2be28becfd75420,,"SANDSBERG Table, black, 67x67 cm",IKEA,dining room,Dining table,"{""widthCm"":null,""depthCm"":null,""heightCm"":null,""lengthCm"":null,""diameterCm"":null,""weightKg"":null}",,,,56,off_72553a21bb8eec991087
prd_4df6b06c339f25980e55,,"ÅLHULT Table, beige/brown, 80x74 cm",IKEA,dining room,Dining table,"{""widthCm"":null,""depthCm"":null,""heightCm"":null,""lengthCm"":null,""diameterCm"":null,""weightKg"":null}",,,,56,off_be5e4d4ecaca861ad15e
prd_56667f240e10ee9c29ea,,"ÅLHULT Table, black/brown, 80x74 cm",IKEA,dining room,Dining table,"{""widthCm"":null,""depthCm"":null,""heightCm"":null,""lengthCm"":null,""diameterCm"":null,""weightKg"":null}",,,,56,off_515a8c4c85a9bbab0cdc
prd_e8e495665e0a7889ebbc,,"SKANSNÄS Extendable table, brown beech/veneer, 115/170 cm",IKEA,dining room,Dining table,"{""widthCm"":null,""depthCm"":null,""heightCm"":null,""lengthCm"":null,""diameterCm"":null,""weightKg"":null}",,,,56,off_40a0f4eb226a00739227
prd_c5c9eb100156ee9a0f18,,"MÖRBYLÅNGA Table, oak veneer brown stained, 140x85 cm",IKEA,dining room,Dining table,"{""widthCm"":null,""depthCm"":null,""heightCm"":null,""lengthCm"":null,""diameterCm"":null,""weightKg"":null}",,,,56,off_84dc9ce1a4f80ebe1dd4
prd_a448e56db41a8da380df,,"DANDERYD Dining table, pine veneer/black, 130x80 cm",IKEA,dining room,Dining table,"{""widthCm"":null,""depthCm"":null,""heightCm"":null,""lengthCm"":null,""diameterCm"":null,""weightKg"":null}",,,,56,off_a6467d2d2b9db3324022
prd_432f477f82321722e7a2,,"ROSENTORP Extendable table, white, 110/155 cm",IKEA,dining room,Dining table,"{""widthCm"":null,""depthCm"":null,""heightCm"":null,""lengthCm"":null,""diameterCm"":null,""weightKg"":null}",,,,56,off_baa98b1582905bc6b7e5
prd_085a8e6d8acb9023fde2,,"ROSENTORP Extendable table, black, 110/155 cm",IKEA,dining room,Dining table,"{""widthCm"":null,""depthCm"":null,""heightCm"":null,""lengthCm"":null,""diameterCm"":null,""weightKg"":null}",,,,56,off_0929116762f1df2f0591
prd_1507a02c4829e4d21298,,"TONSTAD Table, brown stained oak veneer, 150x80 cm",IKEA,dining room,Dining table,"{""widthCm"":null,""depthCm"":null,""heightCm"":null,""lengthCm"":null,""diameterCm"":null,""weightKg"":null}",,,,56,off_53ca49b1ed7b6e8244f4
prd_947573436622d4cb6116,,"TONSTAD Table, off-white, 150x80 cm",IKEA,dining room,Dining table,"{""widthCm"":null,""depthCm"":null,""heightCm"":null,""lengthCm"":null,""diameterCm"":null,""weightKg"":null}",,,,56,off_690a78ffb43198f172a2
prd_8a2d5b4594f99ec3fe9e,,"VIHALS Table, white/white, 125x74 cm",IKEA,dining room,Dining table,"{""widthCm"":null,""depthCm"":null,""heightCm"":null,""lengthCm"":null,""diameterCm"":null,""weightKg"":null}",,,,56,off_f8d820dd66abaf5a7365
prd_6a2e8d856c0a28711bb2,,"VIHALS Table, green/green, 125x74 cm",IKEA,dining room,Dining table,"{""widthCm"":null,""depthCm"":null,""heightCm"":null,""lengthCm"":null,""diameterCm"":null,""weightKg"":null}",,,,56,off_c88b1d3cdb90e11d9e81
prd_65963581960bdb0693bd,,"VIHALS Table, white/green, 125x74 cm",IKEA,dining room,Dining table,"{""widthCm"":null,""depthCm"":null,""heightCm"":null,""lengthCm"":null,""diameterCm"":null,""weightKg"":null}",,,,56,off_02155e7c1e8bf5db4159
prd_ecc980d929cd58b56ae0,,"VIHALS Table, green/white, 125x74 cm",IKEA,dining room,Dining table,"{""widthCm"":null,""depthCm"":null,""heightCm"":null,""lengthCm"":null,""diameterCm"":null,""weightKg"":null}",,,,56,off_2f7952e1d004cef17801
prd_d71dc79b24719001ba69,,"ÅLHULT Table, black/brown, 120x80 cm",IKEA,dining room,Dining table,"{""widthCm"":null,""depthCm"":null,""heightCm"":null,""lengthCm"":null,""diameterCm"":null,""weightKg"":null}",,,,56,off_65d84d8a82b7d620601a
prd_99a1f40ce6fab76eddc6,,"ÅLHULT Table, beige/brown, 120x80 cm",IKEA,dining room,Dining table,"{""widthCm"":null,""depthCm"":null,""heightCm"":null,""lengthCm"":null,""diameterCm"":null,""weightKg"":null}",,,,56,off_290a0cb78f644e029134
prd_cce4a4403e414a803a68,,"ÅLHULT Extendable table, black/brown, 120/170x80 cm",IKEA,dining room,Dining table,"{""widthCm"":null,""depthCm"":null,""heightCm"":null,""lengthCm"":null,""diameterCm"":null,""weightKg"":null}",,,,56,off_c5db122a8a917e172ae7
prd_eab446c4870ccb2656d0,,"ÅLHULT Extendable table, beige/brown, 120/170x80 cm",IKEA,dining room,Dining table,"{""widthCm"":null,""depthCm"":null,""heightCm"":null,""lengthCm"":null,""diameterCm"":null,""weightKg"":null}",,,,56,off_f80aa10fc688ed83af19
prd_4ed3a901c7097847ba92,,"PINNTORP Table, light brown stained/white stained pine, 125x75 cm",IKEA,dining room,Dining table,"{""widthCm"":null,""depthCm"":null,""heightCm"":null,""lengthCm"":null,""diameterCm"":null,""weightKg"":null}",,,,56,off_5059029bcc5c1faa09bf
prd_bfd88bb8972cf2c5cb81,,"LISABO Table, black/ash veneer, 140x78 cm",IKEA,dining room,Dining table,"{""widthCm"":null,""depthCm"":null,""heightCm"":null,""lengthCm"":null,""diameterCm"":null,""weightKg"":null}",,,,56,off_c207a16cf2ab91a5e739
prd_8fe9bdb4a2b3494abd26,,"LISABO Table, ash veneer, 140x78 cm",IKEA,dining room,Dining table,"{""widthCm"":null,""depthCm"":null,""heightCm"":null,""lengthCm"":null,""diameterCm"":null,""weightKg"":null}",,,,56,off_308b6ae43ca6f478882f
prd_535299310ee5abaf9593,,"SKOGSTA Dining table, acacia/black, 235x100 cm",IKEA,dining room,Dining table,"{""widthCm"":null,""depthCm"":null,""heightCm"":null,""lengthCm"":null,""diameterCm"":null,""weightKg"":null}",,,,56,off_d8e70bdc15c3148264f3
prd_f14ef46285a9c3db732e,,"PINNTORP Gateleg table, light brown stained/white stained pine, 67/124x75 cm",IKEA,dining room,Dining table,"{""widthCm"":null,""depthCm"":null,""heightCm"":null,""lengthCm"":null,""diameterCm"":null,""weightKg"":null}",,,,56,off_a53181ec3437128b0e52
prd_c65cf2b40aee9fe755cf,,"BERGSHYTTAN Table, dark brown ash veneer, 240x93 cm",IKEA,dining room,Dining table,"{""widthCm"":null,""depthCm"":null,""heightCm"":null,""lengthCm"":null,""diameterCm"":null,""weightKg"":null}",,,,56,off_ca4d91b05c638d0e029c
prd_2dbe4c059f8f0f0ce742,,"ÅLHULT Table, black/brown, 170x80 cm",IKEA,dining room,Dining table,"{""widthCm"":null,""depthCm"":null,""heightCm"":null,""lengthCm"":null,""diameterCm"":null,""weightKg"":null}",,,,56,off_60f0dda56699ca18c99f
prd_b95bbc60f1f057c24878,,"HAUGA Table, white/birch veneer, 118x74 cm",IKEA,dining room,Dining table,"{""widthCm"":null,""depthCm"":null,""heightCm"":null,""lengthCm"":null,""diameterCm"":null,""weightKg"":null}",,,,56,off_892fa64363af4454b6ea
prd_5de672914f4933601eac,,"NORDKISA Bedside table, bamboo, 40x40 cm",IKEA,bedroom,Bedside table,"{""widthCm"":null,""depthCm"":null,""heightCm"":null,""lengthCm"":null,""diameterCm"":null,""weightKg"":null}",,,,56,off_70d4066b5b66f12e0ab2
prd_129d6eccdb5a8ad3321e,,"GILLERSBERG Bedside table, bamboo/white, 39x39x56 cm",IKEA,bedroom,Bedside table,"{""widthCm"":null,""depthCm"":null,""heightCm"":null,""lengthCm"":null,""diameterCm"":null,""weightKg"":null}",,,,56,off_21cbe2d869d396b8022f
prd_6b6c12e1ac3c027e6847,,"SONGESAND Bedside table, brown, 42x40 cm",IKEA,bedroom,Bedside table,"{""widthCm"":null,""depthCm"":null,""heightCm"":null,""lengthCm"":null,""diameterCm"":null,""weightKg"":null}",,,,56,off_e19724ad326489b02a57
prd_79d7ce2e352459f2887e,,"TONSTAD Bedside table, off-white, 40x40x59 cm",IKEA,bedroom,Bedside table,"{""widthCm"":null,""depthCm"":null,""heightCm"":null,""lengthCm"":null,""diameterCm"":null,""weightKg"":null}",,,,56,off_1fb756187ca0c1f413d5
prd_a35e1e977124859a4a49,,"TONSTAD Bedside table, brown stained oak veneer, 40x40x59 cm",IKEA,bedroom,Bedside table,"{""widthCm"":null,""depthCm"":null,""heightCm"":null,""lengthCm"":null,""diameterCm"":null,""weightKg"":null}",,,,56,off_3f0fc619695b0f67bd5c
prd_c3b2dec8d5a78beb7cb6,,"NORDLI Chest of 2 drawers, white, 40x54 cm",IKEA,bedroom,Chest of drawers,"{""widthCm"":null,""depthCm"":null,""heightCm"":null,""lengthCm"":null,""diameterCm"":null,""weightKg"":null}",,,,56,off_a884e53ab1ae87b42d64
prd_4cb18245d3c67672b5b4,,"MALM Chest of 2 drawers, black-brown, 40x55 cm",IKEA,bedroom,Chest of drawers,"{""widthCm"":null,""depthCm"":null,""heightCm"":null,""lengthCm"":null,""diameterCm"":null,""weightKg"":null}",,,,56,off_b7ba77ce301ca6b1e667
prd_73e2df3fabc3bf791014,,"MALM Chest of 2 drawers, white, 40x55 cm",IKEA,bedroom,Chest of drawers,"{""widthCm"":null,""depthCm"":null,""heightCm"":null,""lengthCm"":null,""diameterCm"":null,""weightKg"":null}",,,,56,off_29137e040d386555cf02
prd_5c492ea6955ada4d5964,,"HEMNES Chest of 2 drawers, white stain, 54x66 cm",IKEA,bedroom,Chest of drawers,"{""widthCm"":null,""depthCm"":null,""heightCm"":null,""lengthCm"":null,""diameterCm"":null,""weightKg"":null}",,,,56,off_1513a07fc1aefd648758
prd_2b7ea502e8e9ad8706d3,,"KULLEN Chest of 2 drawers, black-brown, 35x49 cm",IKEA,bedroom,Chest of drawers,"{""widthCm"":null,""depthCm"":null,""heightCm"":null,""lengthCm"":null,""diameterCm"":null,""weightKg"":null}",,,,56,off_ad1c7143f14a7bbf2adc
prd_2d8944b16993b41eac6a,,"BLÄSTÅSEN Bedside table, white, 50x37x76 cm",IKEA,bedroom,Bedside table,"{""widthCm"":null,""depthCm"":null,""heightCm"":null,""lengthCm"":null,""diameterCm"":null,""weightKg"":null}",,,,56,off_2f995826f1cc0beeb33b
prd_76a04ceb5336768d9049,,"BLÄSTÅSEN Bedside table, black, 50x37x76 cm",IKEA,bedroom,Bedside table,"{""widthCm"":null,""depthCm"":null,""heightCm"":null,""lengthCm"":null,""diameterCm"":null,""weightKg"":null}",,,,56,off_85f93d5624555248d8ae
prd_b9f67581700c35a9a213,,"HAUGA Bedside table, white, 40x36 cm",IKEA,bedroom,Bedside table,"{""widthCm"":null,""depthCm"":null,""heightCm"":null,""lengthCm"":null,""diameterCm"":null,""weightKg"":null}",,,,56,off_79df0e5b9690fa063d0a
prd_d67fe44ab646e819b6ea,,"GULLABERG Bedside table with 1 drawer and shelf, grey, 53x43x69 cm",IKEA,bedroom,Bedside table,"{""widthCm"":null,""depthCm"":null,""heightCm"":null,""lengthCm"":null,""diameterCm"":null,""weightKg"":null}",,,,56,off_41d91283cd57a1812e51
prd_0e70d2fa7f2cb80226f7,,"GULLABERG Bedside table with 1 drawer and shelf, white, 53x43x69 cm",IKEA,bedroom,Bedside table,"{""widthCm"":null,""depthCm"":null,""heightCm"":null,""lengthCm"":null,""diameterCm"":null,""weightKg"":null}",,,,56,off_5f0fd42166a1a0c080f5
prd_8dded96b3a54755535b0,,"KULLEN Chest of 6 drawers, white, 140x40x72 cm",IKEA,bedroom,Chest of drawers,"{""widthCm"":null,""depthCm"":null,""heightCm"":null,""lengthCm"":null,""diameterCm"":null,""weightKg"":null}",,,,56,off_202929ee23c3b56b840f
prd_80df065c17cbfa9b7aa5,,"IDANÄS Chest of 6 drawers, white, 162x95 cm",IKEA,bedroom,Chest of drawers,"{""widthCm"":null,""depthCm"":null,""heightCm"":null,""lengthCm"":null,""diameterCm"":null,""weightKg"":null}",,,,56,off_c597c9b99a20972f68e1
prd_85a4e422e83fd263848f,,"IDANÄS Chest of 6 drawers, dark brown stained, 162x95 cm",IKEA,bedroom,Chest of drawers,"{""widthCm"":null,""depthCm"":null,""heightCm"":null,""lengthCm"":null,""diameterCm"":null,""weightKg"":null}",,,,56,off_82d3defd3835950ca767
prd_3af56dc14aa1facdaa8c,,"KILBERGET Chest of 6 drawers, white, 144x78 cm",IKEA,bedroom,Chest of drawers,"{""widthCm"":null,""depthCm"":null,""heightCm"":null,""lengthCm"":null,""diameterCm"":null,""weightKg"":null}",,,,56,off_1a50e4090116aa48f645
prd_a0c4c0e812a938afcd5a,,"KULLEN Chest of 5 drawers, black-brown, 70x40x112 cm",IKEA,bedroom,Chest of drawers,"{""widthCm"":null,""depthCm"":null,""heightCm"":null,""lengthCm"":null,""diameterCm"":null,""weightKg"":null}",,,,56,off_648f4fa860b2e2ea3b01
prd_3733f215a8a15ff762a1,,"GULLABERG Chest of 8 drawers, white, 168x48x100 cm",IKEA,bedroom,Chest of drawers,"{""widthCm"":null,""depthCm"":null,""heightCm"":null,""lengthCm"":null,""diameterCm"":null,""weightKg"":null}",,,,56,off_0b097b0669425ba83d23
prd_812d2ae975a6170c331a,,"GULLABERG Chest of 8 drawers, grey, 168x48x100 cm",IKEA,bedroom,Chest of drawers,"{""widthCm"":null,""depthCm"":null,""heightCm"":null,""lengthCm"":null,""diameterCm"":null,""weightKg"":null}",,,,56,off_e9dd500c8ad6ebd8e891
prd_7fc2c634cbca1f7dd310,,"HEMNES Chest of 8 drawers, grey stained, 160x96 cm",IKEA,bedroom,Chest of drawers,"{""widthCm"":null,""depthCm"":null,""heightCm"":null,""lengthCm"":null,""diameterCm"":null,""weightKg"":null}",,,,56,off_e80b3216ae68c0ac8b67
prd_21be74d6dc10ba75079d,,"HEMNES Chest of 8 drawers, white stain, 160x96 cm",IKEA,bedroom,Chest of drawers,"{""widthCm"":null,""depthCm"":null,""heightCm"":null,""lengthCm"":null,""diameterCm"":null,""weightKg"":null}",,,,56,off_f7c41549a530bc55a5eb
prd_8565705880952dd723cd,,"STOREMOLLA Chest of 3 drawers, light grey-beige stained, 93x50x91 cm",IKEA,bedroom,Chest of drawers,"{""widthCm"":null,""depthCm"":null,""heightCm"":null,""lengthCm"":null,""diameterCm"":null,""weightKg"":null}",,,,56,off_8f71db98afa474e30da7
prd_570e23e549574e7da2dd,,"LASTARE Chest of 4 drawers, white, 80x42x100 cm",IKEA,bedroom,Chest of drawers,"{""widthCm"":null,""depthCm"":null,""heightCm"":null,""lengthCm"":null,""diameterCm"":null,""weightKg"":null}",,,,56,off_d17d3d02e1ed59383c48
prd_fce63c6cfe96f9b1f0e3,,"MALM Chest of 3 drawers, white, 80x78 cm",IKEA,bedroom,Chest of drawers,"{""widthCm"":null,""depthCm"":null,""heightCm"":null,""lengthCm"":null,""diameterCm"":null,""weightKg"":null}",,,,56,off_966e75d6022e920ef3ec
prd_9752b609b11281b6c5b5,,"MALM Chest of 3 drawers, black-brown, 80x78 cm",IKEA,bedroom,Chest of drawers,"{""widthCm"":null,""depthCm"":null,""heightCm"":null,""lengthCm"":null,""diameterCm"":null,""weightKg"":null}",,,,56,off_f9124bf04d5be08fec29
prd_c0158cab391e13021a06,,"HEMNES Chest of 3 drawers, white stain, 108x96 cm",IKEA,bedroom,Chest of drawers,"{""widthCm"":null,""depthCm"":null,""heightCm"":null,""lengthCm"":null,""diameterCm"":null,""weightKg"":null}",,,,56,off_cf5002b15497b7bc0269
prd_3d81b1043b7ec1229dcd,,"MALM Chest of 6 drawers, black-brown/mirror glass, 40x123 cm",IKEA,bedroom,Chest of drawers,"{""widthCm"":null,""depthCm"":null,""heightCm"":null,""lengthCm"":null,""diameterCm"":null,""weightKg"":null}",,,,56,off_cee104b8070359d9f69d
prd_a7ad07ea34716da4bea6,,Capitonne 3 Seater Sofa,Pan Home,living room,3-seater sofa,"{""widthCm"":null,""depthCm"":null,""heightCm"":null,""lengthCm"":null,""diameterCm"":null,""weightKg"":null}",,,,56,off_33dfecc644167b89d88d
prd_8a8f98f0bef4b5fbd69c,,Stome 3 Seater Sofa - Beige,Pan Home,living room,3-seater sofa,"{""widthCm"":null,""depthCm"":null,""heightCm"":null,""lengthCm"":null,""diameterCm"":null,""weightKg"":null}",,,,56,off_c43b3ae78618d47bb640
prd_55354e34500277336f92,,Kingdom 3 Seater Sofa - Beige,Pan Home,living room,3-seater sofa,"{""widthCm"":null,""depthCm"":null,""heightCm"":null,""lengthCm"":null,""diameterCm"":null,""weightKg"":null}",,,,56,off_2fee07e999fe8ba98ae4
prd_660ecefd67ac7d8c1b42,,Teek 3 Seater Sofa - Grey,Pan Home,living room,3-seater sofa,"{""widthCm"":null,""depthCm"":null,""heightCm"":null,""lengthCm"":null,""diameterCm"":null,""weightKg"":null}",,,,56,off_18e67230d364b9aa3896
prd_12954d0700ad353e07f7,,Glue 3 Seater Sofa,Pan Home,living room,3-seater sofa,"{""widthCm"":null,""depthCm"":null,""heightCm"":null,""lengthCm"":null,""diameterCm"":null,""weightKg"":null}",,,,56,off_fdcd428ac5cfd5c736bc
prd_ec4b0215f858fe177236,,Shelon 2 Seater Sofa - Beige,Pan Home,living room,2-seater sofa,"{""widthCm"":null,""depthCm"":null,""heightCm"":null,""lengthCm"":null,""diameterCm"":null,""weightKg"":null}",,,,56,off_c1d71e836c3346db8b7e
prd_8eac5cf74c36ece28a23,,Mover 3 Seater Sofa,Pan Home,living room,3-seater sofa,"{""widthCm"":null,""depthCm"":null,""heightCm"":null,""lengthCm"":null,""diameterCm"":null,""weightKg"":null}",,,,56,off_bd2cb8bc78da2c4a0184
prd_28a054be59e9677b49e8,,Lilac 2 Seater Sofa,Pan Home,living room,2-seater sofa,"{""widthCm"":null,""depthCm"":null,""heightCm"":null,""lengthCm"":null,""diameterCm"":null,""weightKg"":null}",,,,56,off_5056d11c8be20c64fa51
prd_33693559522722cd44b6,,Arros 3 Seater Sofa - Grey,Pan Home,living room,3-seater sofa,"{""widthCm"":null,""depthCm"":null,""heightCm"":null,""lengthCm"":null,""diameterCm"":null,""weightKg"":null}",,,,56,off_9456f2c7a69c29bec292
prd_8138214cc689491a9b23,,Otic 3 Seater Sofa - Dark Blue,Pan Home,living room,3-seater sofa,"{""widthCm"":null,""depthCm"":null,""heightCm"":null,""lengthCm"":null,""diameterCm"":null,""weightKg"":null}",,,,56,off_3a0c10737b4b4c287681
prd_32c5570de373ba103da7,,Royalstar 3-Seater Sofa - Light Grey,Pan Home,living room,3-seater sofa,"{""widthCm"":null,""depthCm"":null,""heightCm"":null,""lengthCm"":null,""diameterCm"":null,""weightKg"":null}",,,,56,off_e76f372b3883dbe4a323
prd_dfee490a5223cc533203,,Batleno 3 Seater Sofa - Dark Brown,Pan Home,living room,3-seater sofa,"{""widthCm"":null,""depthCm"":null,""heightCm"":null,""lengthCm"":null,""diameterCm"":null,""weightKg"":null}",,,,56,off_1cb87bffa8b508a84d23
prd_ad36b260012c1e0204d3,,Niue 4 Seater Sofa - Light Grey,Pan Home,living room,4-seater sofa,"{""widthCm"":null,""depthCm"":null,""heightCm"":null,""lengthCm"":null,""diameterCm"":null,""weightKg"":null}",,,,56,off_8fbf03f64d5e53cdfe68
prd_52b4c8313125b4f91339,,Tokelau 3 Seater Sofa - Cream,Pan Home,living room,3-seater sofa,"{""widthCm"":null,""depthCm"":null,""heightCm"":null,""lengthCm"":null,""diameterCm"":null,""weightKg"":null}",,,,56,off_07bd6d115c32e111a1ed
prd_b148d8095d0117d76f99,,Rainshade 3 Seater Sofa - Beige,Pan Home,living room,3-seater sofa,"{""widthCm"":null,""depthCm"":null,""heightCm"":null,""lengthCm"":null,""diameterCm"":null,""weightKg"":null}",,,,56,off_a59736dda5a7c26d8d9c
prd_d542b50f65eb97fb3eee,,Nairnook 3 Seater Sofa - Beige,Pan Home,living room,3-seater sofa,"{""widthCm"":null,""depthCm"":null,""heightCm"":null,""lengthCm"":null,""diameterCm"":null,""weightKg"":null}",,,,56,off_48ce7f9ee6fe9c107e43
prd_580432743b216e4d7a3f,,Neospace 3 Seater Sofa - Beige,Pan Home,living room,3-seater sofa,"{""widthCm"":null,""depthCm"":null,""heightCm"":null,""lengthCm"":null,""diameterCm"":null,""weightKg"":null}",,,,56,off_a0befb8f5d9498fba4f6
prd_40f2fab95675de2dae00,,Ironwood 3 Seater Sofa - Beige,Pan Home,living room,3-seater sofa,"{""widthCm"":null,""depthCm"":null,""heightCm"":null,""lengthCm"":null,""diameterCm"":null,""weightKg"":null}",,,,56,off_0ec46b0e757262df67dd
prd_b8a4547a6d5ef8d0a102,,Vidar 3 Seater Sofa - Beige,Pan Home,living room,3-seater sofa,"{""widthCm"":null,""depthCm"":null,""heightCm"":null,""lengthCm"":null,""diameterCm"":null,""weightKg"":null}",,,,56,off_d7031ffd4a297ed73764
prd_266f59070433e7d748d4,,Verta 3 Seater Sofa - Beige,Pan Home,living room,3-seater sofa,"{""widthCm"":null,""depthCm"":null,""heightCm"":null,""lengthCm"":null,""diameterCm"":null,""weightKg"":null}",,,,56,off_667eef07b9ac559599e1
prd_dcebcd2e4aafcfe888b2,,Hustler Single Seater Sofa - Beige,Pan Home,living room,single-seater sofa,"{""widthCm"":null,""depthCm"":null,""heightCm"":null,""lengthCm"":null,""diameterCm"":null,""weightKg"":null}",,,,56,off_b733a9338452fdbfba67
prd_5e071318067973a65c0a,,Bloth 4 Seater Sofa - Grey,Pan Home,living room,4-seater sofa,"{""widthCm"":null,""depthCm"":null,""heightCm"":null,""lengthCm"":null,""diameterCm"":null,""weightKg"":null}",,,,56,off_bb73cb25524ed6c8a644
prd_6d6b91b55b753e3f1c91,,Etruscan 4 Seater Sofa - Beige,Pan Home,living room,4-seater sofa,"{""widthCm"":null,""depthCm"":null,""heightCm"":null,""lengthCm"":null,""diameterCm"":null,""weightKg"":null}",,,,56,off_b36682cca68cdf27f9d9
prd_2a767166f8f8ead3944d,,Baskin 3 Seater Sofa - Grey,Pan Home,living room,3-seater sofa,"{""widthCm"":null,""depthCm"":null,""heightCm"":null,""lengthCm"":null,""diameterCm"":null,""weightKg"":null}",,,,56,off_06f72248fc173d232821
prd_43da6c047d7585b65adf,,Dozen 2 Seater Sofa,Pan Home,living room,2-seater sofa,"{""widthCm"":null,""depthCm"":null,""heightCm"":null,""lengthCm"":null,""diameterCm"":null,""weightKg"":null}",,,,56,off_49f43eecd47ce70199f5
prd_bf64ea33c1de56c493d7,,Rocan 4 Seater Sofa - Beige,Pan Home,living room,4-seater sofa,"{""widthCm"":null,""depthCm"":null,""heightCm"":null,""lengthCm"":null,""diameterCm"":null,""weightKg"":null}",,,,56,off_3f0603cc59f1d1da4183
prd_f410f3201f537a34f730,,Shelob 2 Seater Sofa - Beige,Pan Home,living room,2-seater sofa,"{""widthCm"":null,""depthCm"":null,""heightCm"":null,""lengthCm"":null,""diameterCm"":null,""weightKg"":null}",,,,56,off_4c2086db7085e9bd6e80
prd_1334a7b0950700d4ba67,,Node 2 Seater Sofa - Beige,Pan Home,living room,2-seater sofa,"{""widthCm"":null,""depthCm"":null,""heightCm"":null,""lengthCm"":null,""diameterCm"":null,""weightKg"":null}",,,,56,off_dc02f105b35555d04979
prd_572d95180890d94ce756,,Polo 2 Seater Sofa,Pan Home,living room,2-seater sofa,"{""widthCm"":null,""depthCm"":null,""heightCm"":null,""lengthCm"":null,""diameterCm"":null,""weightKg"":null}",,,,56,off_bbba04e3a22a755cdc8b
prd_fe0c2e824384a4b17fc0,,Wiggleseat 2 Seater Sofa - Grey & White,Pan Home,living room,2-seater sofa,"{""widthCm"":null,""depthCm"":null,""heightCm"":null,""lengthCm"":null,""diameterCm"":null,""weightKg"":null}",,,,56,off_0a3b37854730294fcc02
prd_604fda3dfdcefde8a3fc,,Lyon Coffee Table Solid Wood - Natural,Pan Home,living room,Coffee table,"{""widthCm"":null,""depthCm"":null,""heightCm"":null,""lengthCm"":null,""diameterCm"":null,""weightKg"":null}",,,,56,off_3622cd1b76c28aa3bf67
prd_5b1a617cebdb071aefd9,,Orion Modular Coffee Table - Black/Walnut,Pan Home,living room,Coffee table,"{""widthCm"":null,""depthCm"":null,""heightCm"":null,""lengthCm"":null,""diameterCm"":null,""weightKg"":null}",,,,56,off_0afcc8ec812568bc68f0
prd_09048de9ba36ea2a0e67,,Vault Coffee Table Set 1+2 - Gold,Pan Home,living room,Coffee table set,"{""widthCm"":null,""depthCm"":null,""heightCm"":null,""lengthCm"":null,""diameterCm"":null,""weightKg"":null}",,,,56,off_24c5fa7b5b29e62c2cce
prd_0e4b572a187d14f3ac2e,,Vernon Accent Chair,Pan Home,living room,Accent chair,"{""widthCm"":null,""depthCm"":null,""heightCm"":null,""lengthCm"":null,""diameterCm"":null,""weightKg"":null}",,,,56,off_17ea56e039f2d1888b8f
prd_5056970a03784b2b5162,,Teles Coffee Table - Beige,Pan Home,living room,Coffee table,"{""widthCm"":null,""depthCm"":null,""heightCm"":null,""lengthCm"":null,""diameterCm"":null,""weightKg"":null}",,,,56,off_6db959ee4c34ab0b1f65
prd_a402ce8395f3ce1ae5ef,,Adila 6 Seater Dining Table - Grey Black,Pan Home,dining room,Dining table,"{""widthCm"":null,""depthCm"":null,""heightCm"":null,""lengthCm"":null,""diameterCm"":null,""weightKg"":null}",,,,56,off_3edeaf742853ad9d18bc
prd_baae4ad00d15b0794d42,,Tallo High Back Office Chair with Massage - Black,Pan Home,home office,Office chair,"{""widthCm"":null,""depthCm"":null,""heightCm"":null,""lengthCm"":null,""diameterCm"":null,""weightKg"":null}",,,,56,off_29b601eefeee0bfac1ca
prd_780f5420a57173b0ce8c,,Corien Accent Chair,Pan Home,living room,Accent chair,"{""widthCm"":null,""depthCm"":null,""heightCm"":null,""lengthCm"":null,""diameterCm"":null,""weightKg"":null}",,,,56,off_700154b2d8f5b33be8e9
prd_807d08dbac0d8a6497f5,,Risdon Coffee Table - Grey,Pan Home,living room,Coffee table,"{""widthCm"":null,""depthCm"":null,""heightCm"":null,""lengthCm"":null,""diameterCm"":null,""weightKg"":null}",,,,56,off_04d875623fc38864c767
prd_11c1b328054462dae8b9,,Orion Modular 6-Seater Dining Table - Black/Black,Pan Home,dining room,Dining table,"{""widthCm"":null,""depthCm"":null,""heightCm"":null,""lengthCm"":null,""diameterCm"":null,""weightKg"":null}",,,,56,off_616fe6dc80f507abe7fd
prd_9818b33a79f71811bea5,,Spectra High Back Office Chair - Black,Pan Home,home office,Office chair,"{""widthCm"":null,""depthCm"":null,""heightCm"":null,""lengthCm"":null,""diameterCm"":null,""weightKg"":null}",,,,56,off_e7fccfc0a9e2e5b8aa2b
prd_376ec6bd77445c292cad,,Karpos Accent Chair,Pan Home,living room,Accent chair,"{""widthCm"":null,""depthCm"":null,""heightCm"":null,""lengthCm"":null,""diameterCm"":null,""weightKg"":null}",,,,56,off_69bd6b90d939ea8957e5
prd_d8bfc9d0bec0e9b4645b,,Milano 1+2 Coffee Table Set,Pan Home,living room,Coffee table set,"{""widthCm"":null,""depthCm"":null,""heightCm"":null,""lengthCm"":null,""diameterCm"":null,""weightKg"":null}",,,,56,off_e42ebb79864a79dbb035
prd_1f29876f5baa32f7d9da,,Orion Modular 6-Seater Dining Table with Marble Top - Black/White,Pan Home,dining room,Dining table,"{""widthCm"":null,""depthCm"":null,""heightCm"":null,""lengthCm"":null,""diameterCm"":null,""weightKg"":null}",,,,56,off_2d5c8710e36b5fc66550
prd_47c7916a754d792923ef,,Ergoflex Medium Back Office Chair - Beige,Pan Home,home office,Office chair,"{""widthCm"":null,""depthCm"":null,""heightCm"":null,""lengthCm"":null,""diameterCm"":null,""weightKg"":null}",,,,56,off_4aeb73adb42a6a1998e4
prd_907ba8b3c0c94eb21625,,Mood Accent Chair,Pan Home,living room,Accent chair,"{""widthCm"":null,""depthCm"":null,""heightCm"":null,""lengthCm"":null,""diameterCm"":null,""weightKg"":null}",,,,56,off_1cdc2b601b2dd7a0ba44
prd_eb9d1c9e9c13bab17b68,,Roblox Coffee Table and 2 End Tables Set - Beige,Pan Home,living room,Coffee table set,"{""widthCm"":null,""depthCm"":null,""heightCm"":null,""lengthCm"":null,""diameterCm"":null,""weightKg"":null}",,,,56,off_f63d74938a1cfa726f8c
prd_8fa40c8f0118776242f9,,Bilbao 8 Seater Dining Table - Dark Brown,Pan Home,dining room,Dining table,"{""widthCm"":null,""depthCm"":null,""heightCm"":null,""lengthCm"":null,""diameterCm"":null,""weightKg"":null}",,,,56,off_13ea0ad74407305ec029
prd_733382133c561b6b1aac,,Spinepro Medium Back Office Chair - Black,Pan Home,home office,Office chair,"{""widthCm"":null,""depthCm"":null,""heightCm"":null,""lengthCm"":null,""diameterCm"":null,""weightKg"":null}",,,,56,off_09c4e555b107b6a0175d
prd_ffb2ebe1433e9e9f9911,,Opalyn Accent Chair - Beige,Pan Home,living room,Accent chair,"{""widthCm"":null,""depthCm"":null,""heightCm"":null,""lengthCm"":null,""diameterCm"":null,""weightKg"":null}",,,,56,off_247e89b6943308f13688
prd_38b2eef9d7d0a7d215c4,,Kaci Lift Top Coffee Table - Natural White,Pan Home,living room,Coffee table,"{""widthCm"":null,""depthCm"":null,""heightCm"":null,""lengthCm"":null,""diameterCm"":null,""weightKg"":null}",,,,56,off_7f57bc4badd5056421fe
prd_f9bbf81cb88458cca1f2,,Nara 4 Seater Dining Table - Dark Brown,Pan Home,dining room,Dining table,"{""widthCm"":null,""depthCm"":null,""heightCm"":null,""lengthCm"":null,""diameterCm"":null,""weightKg"":null}",,,,56,off_0ba989725265164f5b5d
prd_5828149c90ab80ab2240,,Oslo Low Back Office Chair - Brown,Pan Home,home office,Office chair,"{""widthCm"":null,""depthCm"":null,""heightCm"":null,""lengthCm"":null,""diameterCm"":null,""weightKg"":null}",,,,56,off_568856ef8b08e5ebca96
prd_f78c0c668be116b0b29b,,Grap Accent Chair - Brown,Pan Home,living room,Accent chair,"{""widthCm"":null,""depthCm"":null,""heightCm"":null,""lengthCm"":null,""diameterCm"":null,""weightKg"":null}",,,,56,off_6e421ecac7e36422a2f3
prd_56949f0e94a18192c9b6,,Ciso Coffee Table Veneer - Grey Natural,Pan Home,living room,Coffee table,"{""widthCm"":null,""depthCm"":null,""heightCm"":null,""lengthCm"":null,""diameterCm"":null,""weightKg"":null}",,,,56,off_f8805f420fc449e7f02e
prd_678f3c667d5c867b6c9e,,Ankara V1 6 Seater Dining Table - White & Brown,Pan Home,dining room,Dining table,"{""widthCm"":null,""depthCm"":null,""heightCm"":null,""lengthCm"":null,""diameterCm"":null,""weightKg"":null}",,,,56,off_cdf3d46898c6496260db
prd_ffdadfd07703e25dad40,,Luno High Back Office Chair - Black,Pan Home,home office,Office chair,"{""widthCm"":null,""depthCm"":null,""heightCm"":null,""lengthCm"":null,""diameterCm"":null,""weightKg"":null}",,,,56,off_18bdb2df9d778cc0d124
prd_2b80e7006e0eb50f9aef,,Kivo Accent Chair - Beige,Pan Home,living room,Accent chair,"{""widthCm"":null,""depthCm"":null,""heightCm"":null,""lengthCm"":null,""diameterCm"":null,""weightKg"":null}",,,,56,off_bec74735f5a4d2785726
prd_d9b70a555f8d70c669af,,Risdon Coffee Table - Natural,Pan Home,living room,Coffee table,"{""widthCm"":null,""depthCm"":null,""heightCm"":null,""lengthCm"":null,""diameterCm"":null,""weightKg"":null}",,,,56,off_30082274000857b0338e
prd_a6f293dc5473c306db97,,Karmila 4 Seater Dining Table - Natural,Pan Home,dining room,Dining table,"{""widthCm"":null,""depthCm"":null,""heightCm"":null,""lengthCm"":null,""diameterCm"":null,""weightKg"":null}",,,,56,off_19e95e05b4214f6f87c1
prd_7a145600e64b8537adf8,,Balance Medium Back Office Chair - Grey,Pan Home,home office,Office chair,"{""widthCm"":null,""depthCm"":null,""heightCm"":null,""lengthCm"":null,""diameterCm"":null,""weightKg"":null}",,,,56,off_4ed41379bed36c6ca45e
prd_c3d6bf34d9d7a95a17c0,,Fate Accent Chair - Orange,Pan Home,living room,Accent chair,"{""widthCm"":null,""depthCm"":null,""heightCm"":null,""lengthCm"":null,""diameterCm"":null,""weightKg"":null}",,,,56,off_ee0bccf34db01983e69c
prd_6ce1e8415fcd04892837,,Almada 6 Seater Dining Table - White,Pan Home,dining room,Dining table,"{""widthCm"":null,""depthCm"":null,""heightCm"":null,""lengthCm"":null,""diameterCm"":null,""weightKg"":null}",,,,56,off_71f8ef16938d03cb1d78
prd_72e3a17893e7ffc17644,,Tiller Office Chair - Grey,Pan Home,home office,Office chair,"{""widthCm"":null,""depthCm"":null,""heightCm"":null,""lengthCm"":null,""diameterCm"":null,""weightKg"":null}",,,,56,off_af7532d9bb144552064d
prd_ba57666b7cc9d53fbc62,,Jimmy Accent Chair,Pan Home,living room,Accent chair,"{""widthCm"":null,""depthCm"":null,""heightCm"":null,""lengthCm"":null,""diameterCm"":null,""weightKg"":null}",,,,56,off_e26c214554eed70ca5ae
prd_9bdd3d51d6630075e894,,Navath 8 Seater Dining Table - Brown & Black,Pan Home,dining room,Dining table,"{""widthCm"":null,""depthCm"":null,""heightCm"":null,""lengthCm"":null,""diameterCm"":null,""weightKg"":null}",,,,56,off_c5b0ecde77806ecc9db7
prd_f321d2c29b58c5b1bd3b,,Domnion Medium Back Office Chair - Black,Pan Home,home office,Office chair,"{""widthCm"":null,""depthCm"":null,""heightCm"":null,""lengthCm"":null,""diameterCm"":null,""weightKg"":null}",,,,56,off_749934a454eceee91d1a
prd_141a460785ed9ef652b3,,Kasbah E14 Table Lamp - White,Pan Home,lighting,Table lamp,"{""widthCm"":null,""depthCm"":null,""heightCm"":null,""lengthCm"":null,""diameterCm"":null,""weightKg"":null}",,,,56,off_baf698b41a81c1aa17e1
prd_44079ea861b592bad3b3,,Mermax E27 Marble Base Floor Lamp - Satin Brass/Green,Pan Home,lighting,Floor lamp,"{""widthCm"":null,""depthCm"":null,""heightCm"":null,""lengthCm"":null,""diameterCm"":null,""weightKg"":null}",,,,56,off_899dbc249e3c17ef1fd6
prd_d8c948312d9f3159ac18,,Tripod E27 Table Lamp - Brown,Pan Home,lighting,Table lamp,"{""widthCm"":null,""depthCm"":null,""heightCm"":null,""lengthCm"":null,""diameterCm"":null,""weightKg"":null}",,,,56,off_6084d9e2c2b3d7e7e56a
prd_481ade54a1376a1fae66,,Cordoba E27 Floor Lamp - Gold,Pan Home,lighting,Floor lamp,"{""widthCm"":null,""depthCm"":null,""heightCm"":null,""lengthCm"":null,""diameterCm"":null,""weightKg"":null}",,,,56,off_5475194b504e4338ec2f
prd_4bc7fb34fb457c1adb63,,Erin E14 Table Lamp - White,Pan Home,lighting,Table lamp,"{""widthCm"":null,""depthCm"":null,""heightCm"":null,""lengthCm"":null,""diameterCm"":null,""weightKg"":null}",,,,56,off_0a902c0cd8c9a6baf7f2
prd_370d14bf36c0b7a6736c,,Cerah E27 Abaca Floor Lamp - Natural,Pan Home,lighting,Floor lamp,"{""widthCm"":null,""depthCm"":null,""heightCm"":null,""lengthCm"":null,""diameterCm"":null,""weightKg"":null}",,,,56,off_1fb322d2d23f978d2458
prd_201f3e95aebb3632a16e,,Glaze E27 Table Lamp - Gold,Pan Home,lighting,Table lamp,"{""widthCm"":null,""depthCm"":null,""heightCm"":null,""lengthCm"":null,""diameterCm"":null,""weightKg"":null}",,,,56,off_9e83254795e6df78fff8
prd_8d47573ca7b519640b54,,Salerno Sideboard with 2 Doors and 3 Drawers - Natural & Silver,Pan Home,dining room,Sideboard,"{""widthCm"":null,""depthCm"":null,""heightCm"":null,""lengthCm"":null,""diameterCm"":null,""weightKg"":null}",,,,56,off_8787f607a1b245921dc5
prd_fcc8a507d79c9dbdce1a,,Boska End Table - Grey Silver,Pan Home,living room,End table,"{""widthCm"":null,""depthCm"":null,""heightCm"":null,""lengthCm"":null,""diameterCm"":null,""weightKg"":null}",,,,56,off_ffedb7099beeb46ea2a3
prd_b88307bbd6c5d7b9eeab,,Azulite Sideboard with Mirror - Beige,Pan Home,dining room,Sideboard,"{""widthCm"":null,""depthCm"":null,""heightCm"":null,""lengthCm"":null,""diameterCm"":null,""weightKg"":null}",,,,56,off_ae37e93050b915bb99aa
prd_7df880da60e5b277183b,,Novaglow 5-Lights Floor Lamp - Smoke Grey,Pan Home,lighting,Floor lamp,"{""widthCm"":null,""depthCm"":null,""heightCm"":null,""lengthCm"":null,""diameterCm"":null,""weightKg"":null}",,,,56,off_6479bd04c8685710e864
prd_adeef73000230e6107f1,,Keerby End Table Veneer - Black Grey,Pan Home,living room,End table,"{""widthCm"":null,""depthCm"":null,""heightCm"":null,""lengthCm"":null,""diameterCm"":null,""weightKg"":null}",,,,56,off_10e940ea521afc0ea5b0
prd_51f10b4396c86872da4b,,Starlock Sideboard with 3 Drawers and 1 Door - White,Pan Home,dining room,Sideboard,"{""widthCm"":null,""depthCm"":null,""heightCm"":null,""lengthCm"":null,""diameterCm"":null,""weightKg"":null}",,,,56,off_da345193ff16042839dd
prd_9bb5f8908197babd9738,,Gerra Accent Table Marble - White Gold,Pan Home,living room,Accent table,"{""widthCm"":null,""depthCm"":null,""heightCm"":null,""lengthCm"":null,""diameterCm"":null,""weightKg"":null}",,,,56,off_389745f8b19b491a5af5
prd_855ccd211685227469a1,,Ruwa Sideboard with 3 Doors - Natural Black,Pan Home,dining room,Sideboard,"{""widthCm"":null,""depthCm"":null,""heightCm"":null,""lengthCm"":null,""diameterCm"":null,""weightKg"":null}",,,,56,off_6d8a5f5beb4feff26711
prd_82028c424a68e084a703,,Kenzie E27 Polyresin Floor Lamp - Black,Pan Home,lighting,Floor lamp,"{""widthCm"":null,""depthCm"":null,""heightCm"":null,""lengthCm"":null,""diameterCm"":null,""weightKg"":null}",,,,56,off_cf2137608533c71bd34c
prd_5dd0271f59d2790fa4c8,,Dilon E27 Table Lamp - Natural,Pan Home,lighting,Table lamp,"{""widthCm"":null,""depthCm"":null,""heightCm"":null,""lengthCm"":null,""diameterCm"":null,""weightKg"":null}",,,,56,off_05cd1dfab0ceef612660
prd_6a3244bc171da8c87238,,Kevin E27 Floor Lamp - Natural,Pan Home,lighting,Floor lamp,"{""widthCm"":null,""depthCm"":null,""heightCm"":null,""lengthCm"":null,""diameterCm"":null,""weightKg"":null}",,,,56,off_5d69620c805727fa6c17
prd_8cf452a1a2c11a4fd428,,Nottingham Table Lamp - Gold & Black,Pan Home,lighting,Table lamp,"{""widthCm"":null,""depthCm"":null,""heightCm"":null,""lengthCm"":null,""diameterCm"":null,""weightKg"":null}",,,,56,off_751997fc748b7d0cedcf
prd_c6ec322eeeea27d421b0,,Alicante Sideboard with 4 Doors - Natural,Pan Home,dining room,Sideboard,"{""widthCm"":null,""depthCm"":null,""heightCm"":null,""lengthCm"":null,""diameterCm"":null,""weightKg"":null}",,,,56,off_212b0a0c45e951b520aa
prd_fad1b540bfbbd004b315,,Salamis Floor Lamp - Brown,Pan Home,lighting,Floor lamp,"{""widthCm"":null,""depthCm"":null,""heightCm"":null,""lengthCm"":null,""diameterCm"":null,""weightKg"":null}",,,,56,off_e65fc5f5b671373c7e08
prd_7e63e4a6382655ce2a7e,,Janice Sideboard with 2 Doors and 2 Drawers - Beige & Brown,Pan Home,dining room,Sideboard,"{""widthCm"":null,""depthCm"":null,""heightCm"":null,""lengthCm"":null,""diameterCm"":null,""weightKg"":null}",,,,56,off_e072bbe7d97f00431873
prd_8f8786c60596eed3861a,,Mabli 2-Light Floor Lamp - Black,Pan Home,lighting,Floor lamp,"{""widthCm"":null,""depthCm"":null,""heightCm"":null,""lengthCm"":null,""diameterCm"":null,""weightKg"":null}",,,,56,off_6f64f4c3cfcb4a656682
prd_f1e80e3ac0209a2cbfba,,EVANS 8 Seater Dining Table Travertine - Beige & Dark Brown,Pan Home,dining room,Dining table,"{""widthCm"":null,""depthCm"":null,""heightCm"":null,""lengthCm"":null,""diameterCm"":null,""weightKg"":null}",,,,56,off_934cc3ace9efcfd52f6c
prd_0599d28ed9aac3250375,,ELYA 4 Seater Dining Table Marble - White,Pan Home,dining room,Dining table,"{""widthCm"":null,""depthCm"":null,""heightCm"":null,""lengthCm"":null,""diameterCm"":null,""weightKg"":null}",,,,56,off_396a220a87a561c9503c
prd_f54ad9f28fbe67a824f8,,SOVANTI 8-Seater Dining Table - Beige,Pan Home,dining room,Dining table,"{""widthCm"":null,""depthCm"":null,""heightCm"":null,""lengthCm"":null,""diameterCm"":null,""weightKg"":null}",,,,56,off_3283d4a7705176c4a627
prd_646121883766ecb1036c,,ORAYA 8-Seater Dining Table - Dark Brown & Beige,Pan Home,dining room,Dining table,"{""widthCm"":null,""depthCm"":null,""heightCm"":null,""lengthCm"":null,""diameterCm"":null,""weightKg"":null}",,,,56,off_773244b6804e9c16b042
prd_973026705b0d9565dedc,,EDRON 8 Seater Dining Table Marble - White & Beige,Pan Home,dining room,Dining table,"{""widthCm"":null,""depthCm"":null,""heightCm"":null,""lengthCm"":null,""diameterCm"":null,""weightKg"":null}",,,,56,off_ebd61657025860c47f3f
prd_7e93543c988d38768a00,,HARPER 8 Seater Dining Table Wood - Brown,Pan Home,dining room,Dining table,"{""widthCm"":null,""depthCm"":null,""heightCm"":null,""lengthCm"":null,""diameterCm"":null,""weightKg"":null}",,,,56,off_0c0a96e85b840c41d160
prd_84d2bbf32120260bec9f,,STYLEE 8 Seater Dining Table Marble - Light Brown & Dark Brown,Pan Home,dining room,Dining table,"{""widthCm"":null,""depthCm"":null,""heightCm"":null,""lengthCm"":null,""diameterCm"":null,""weightKg"":null}",,,,56,off_d37469a3c5330d908a52
prd_7079ad701ef1cceca038,,EVONNE 8 Seater Dining Table Marble - White Black,Pan Home,dining room,Dining table,"{""widthCm"":null,""depthCm"":null,""heightCm"":null,""lengthCm"":null,""diameterCm"":null,""weightKg"":null}",,,,56,off_9712c3e5e5284e09f7ed
prd_b2eca7effd0e27ac5b20,,TIAMO 8 Seater Dining Table Oval Veneer - Dark Brown,Pan Home,dining room,Dining table,"{""widthCm"":null,""depthCm"":null,""heightCm"":null,""lengthCm"":null,""diameterCm"":null,""weightKg"":null}",,,,56,off_421ae39d6fd10e19be60
prd_0f34fcfac5a1f78d9acc,,SICILY 6 Seater Dining Table Round Marble - Beige Brown,Pan Home,dining room,Dining table,"{""widthCm"":null,""depthCm"":null,""heightCm"":null,""lengthCm"":null,""diameterCm"":null,""weightKg"":null}",,,,56,off_afcd8ad53935622cd466
prd_44e3f464ea5b3443510e,,SCEPTER 4 Seater Round Dining Table Marble - Brown,Pan Home,dining room,Dining table,"{""widthCm"":null,""depthCm"":null,""heightCm"":null,""lengthCm"":null,""diameterCm"":null,""weightKg"":null}",,,,56,off_7a5baba7a081e7b997da
prd_7a187f20d64e421ef043,,ALINA 6 Seater Round Dining Table Marble - Beige Dark Brown,Pan Home,dining room,Dining table,"{""widthCm"":null,""depthCm"":null,""heightCm"":null,""lengthCm"":null,""diameterCm"":null,""weightKg"":null}",,,,56,off_0c2529eed48e19568757
prd_9247b770cd4e3433dad8,,KIRA 6 Seater Dining Table Marble - Beige Brown,Pan Home,dining room,Dining table,"{""widthCm"":null,""depthCm"":null,""heightCm"":null,""lengthCm"":null,""diameterCm"":null,""weightKg"":null}",,,,56,off_0e412780bb961b782ca2
prd_af1debcf7c767f53495c,,SHEROD 8 Seater Dining Table Veneer - Charcoal & Black,Pan Home,dining room,Dining table,"{""widthCm"":null,""depthCm"":null,""heightCm"":null,""lengthCm"":null,""diameterCm"":null,""weightKg"":null}",,,,56,off_5158ba3ee48f80bc96e4
prd_1b9859a2611b595dd09e,,SONORA 8 Seater Dining Table Marble - Brown Gold,Pan Home,dining room,Dining table,"{""widthCm"":null,""depthCm"":null,""heightCm"":null,""lengthCm"":null,""diameterCm"":null,""weightKg"":null}",,,,56,off_1f683d5b70721e330ea2
prd_91f2c200edcf07f47076,,ANOUK 6 Seater Dining Table - Dark Brown,Pan Home,dining room,Dining table,"{""widthCm"":null,""depthCm"":null,""heightCm"":null,""lengthCm"":null,""diameterCm"":null,""weightKg"":null}",,,,56,off_6288e27f3bf0dcf4ca50
prd_3571ff024acb6b6ab594,,PAVEL 8 Seater Dining Table Travertine - Beige Brown,Pan Home,dining room,Dining table,"{""widthCm"":null,""depthCm"":null,""heightCm"":null,""lengthCm"":null,""diameterCm"":null,""weightKg"":null}",,,,56,off_6b9b350123e70b444c2c
prd_514bd4abc89f5bd4adeb,,NODREA 1+6 Seater Marble Dining Set with Darl Chairs - White & Gold,Pan Home,dining room,Dining set,"{""widthCm"":null,""depthCm"":null,""heightCm"":null,""lengthCm"":null,""diameterCm"":null,""weightKg"":null}",,,,56,off_d643806b84464cc443eb
prd_ebf15b2987e272fb13cf,,ATRISSA 1+8 Seater Dining Set with Dover Chairs,Pan Home,dining room,Dining set,"{""widthCm"":null,""depthCm"":null,""heightCm"":null,""lengthCm"":null,""diameterCm"":null,""weightKg"":null}",,,,56,off_0dd965c2dacd1bf11865
prd_ad12fb226b6dbc37d6c8,,OKRA E27 Floor Lamp - Natural,Pan Home,lighting,Floor lamp,"{""widthCm"":null,""depthCm"":null,""heightCm"":null,""lengthCm"":null,""diameterCm"":null,""weightKg"":null}",,,,56,off_374bf86a743c247ebc77
prd_1778289534001980d0c3,,CUSTA E27 Polyresin Floor Lamp - White,Pan Home,lighting,Floor lamp,"{""widthCm"":null,""depthCm"":null,""heightCm"":null,""lengthCm"":null,""diameterCm"":null,""weightKg"":null}",,,,56,off_097a562cebe8e662a031
prd_58664bebdfe7b33cce2a,,ALBUS 2-Light E27 Floor Lamp - Natural,Pan Home,lighting,Floor lamp,"{""widthCm"":null,""depthCm"":null,""heightCm"":null,""lengthCm"":null,""diameterCm"":null,""weightKg"":null}",,,,56,off_05987f3e122eaedbcfa6
prd_72f18b0cac6a600a973a,,MARIBEL E27 Floor Lamp - Brass,Pan Home,lighting,Floor lamp,"{""widthCm"":null,""depthCm"":null,""heightCm"":null,""lengthCm"":null,""diameterCm"":null,""weightKg"":null}",,,,56,off_65d8bcd333743cf930b9
prd_3728dcfbf4dbe64f388c,,ACCENT Sculpted LED Resin Floor Lamp - Black,Pan Home,lighting,Floor lamp,"{""widthCm"":null,""depthCm"":null,""heightCm"":null,""lengthCm"":null,""diameterCm"":null,""weightKg"":null}",,,,56,off_63a2755cbe5e73ee4cbb
prd_310bed3239eab8b6b4c8,,MELVIN E27 Floor Lamp - Black,Pan Home,lighting,Floor lamp,"{""widthCm"":null,""depthCm"":null,""heightCm"":null,""lengthCm"":null,""diameterCm"":null,""weightKg"":null}",,,,56,off_ee4039b5a4acdff5bce6
prd_ee19729e9919e7f3d2f3,,THYRON E27 Polyresin Floor Lamp - Black,Pan Home,lighting,Floor lamp,"{""widthCm"":null,""depthCm"":null,""heightCm"":null,""lengthCm"":null,""diameterCm"":null,""weightKg"":null}",,,,56,off_e016ecb7abe4cc3edc2d
prd_44226b9ccc40ee66c937,,CHELLSY E27 Polyresin Floor Lamp - Black,Pan Home,lighting,Floor lamp,"{""widthCm"":null,""depthCm"":null,""heightCm"":null,""lengthCm"":null,""diameterCm"":null,""weightKg"":null}",,,,56,off_1fbdb863272b08b54e8e
prd_94afb56eaf61e809b335,,KHALEYA 2-Light E27 Floor Lamp - Brown,Pan Home,lighting,Floor lamp,"{""widthCm"":null,""depthCm"":null,""heightCm"":null,""lengthCm"":null,""diameterCm"":null,""weightKg"":null}",,,,56,off_a093534f5a4116cc571f
prd_cef8be699bcffab093d6,,HUDSON Arc E27 Floor Lamp - Black,Pan Home,lighting,Floor lamp,"{""widthCm"":null,""depthCm"":null,""heightCm"":null,""lengthCm"":null,""diameterCm"":null,""weightKg"":null}",,,,56,off_9ef2fab70f8e519a8064
prd_3b74363776b4d4506e2b,,TRIPOD E27 Wooden Floor Lamp - Brushed Gold,Pan Home,lighting,Floor lamp,"{""widthCm"":null,""depthCm"":null,""heightCm"":null,""lengthCm"":null,""diameterCm"":null,""weightKg"":null}",,,,56,off_b87705e110a79d9bfbc1
prd_4ba413a898a211496ed0,,OPULENT Massage Chair - Beige,Pan Home,living room,Massage chair,"{""widthCm"":null,""depthCm"":null,""heightCm"":null,""lengthCm"":null,""diameterCm"":null,""weightKg"":null}",,,,56,off_1e03ff0f1f25e35c10ec
prd_bf87dc0819574b08fe3c,,BALANCE-SEAT Lounge Chair - Beige,Pan Home,living room,Lounge chair,"{""widthCm"":null,""depthCm"":null,""heightCm"":null,""lengthCm"":null,""diameterCm"":null,""weightKg"":null}",,,,56,off_c92884453a6c64c5940e
prd_9f370735ff1abff96d6f,,AURELIA Massage Chair - Beige,Pan Home,living room,Massage chair,"{""widthCm"":null,""depthCm"":null,""heightCm"":null,""lengthCm"":null,""diameterCm"":null,""weightKg"":null}",,,,56,off_de390d0b0aa72d1ccd2a
prd_0094a11e91d9c9c36961,,ELYSIUM Massage Chair - Beige,Pan Home,living room,Massage chair,"{""widthCm"":null,""depthCm"":null,""heightCm"":null,""lengthCm"":null,""diameterCm"":null,""weightKg"":null}",,,,56,off_22e4dcbd3ab2220686d7
prd_530ee872910f8c75ca20,,OLAN Swivel Accent Chair - Light Brown,Pan Home,living room,Accent chair,"{""widthCm"":null,""depthCm"":null,""heightCm"":null,""lengthCm"":null,""diameterCm"":null,""weightKg"":null}",,,,56,off_ddc14c5e890ad0e8f49e
prd_57a07f1d01109557320a,,BOTOM Accent Chair - White,Pan Home,living room,Accent chair,"{""widthCm"":null,""depthCm"":null,""heightCm"":null,""lengthCm"":null,""diameterCm"":null,""weightKg"":null}",,,,56,off_e26f34a6d48daa972f4c
prd_d904df621a648f23171c,,AMORE Accent Chair with Ottoman - Beige,Pan Home,living room,Accent chair set,"{""widthCm"":null,""depthCm"":null,""heightCm"":null,""lengthCm"":null,""diameterCm"":null,""weightKg"":null}",,,,56,off_b17fb4db76824498049a
prd_c822c2dfeb66c7d28311,,ELDON Accent Chair - Grey,Pan Home,living room,Accent chair,"{""widthCm"":null,""depthCm"":null,""heightCm"":null,""lengthCm"":null,""diameterCm"":null,""weightKg"":null}",,,,56,off_b700e53ecc0a12d1d269
prd_3f673a67928859fa26ee,,ELDON Accent Chair - White,Pan Home,living room,Accent chair,"{""widthCm"":null,""depthCm"":null,""heightCm"":null,""lengthCm"":null,""diameterCm"":null,""weightKg"":null}",,,,56,off_3fa125d84a263758169c
prd_6280d1539a6fd2761ce4,,KARPOS Accent Chair - Black,Pan Home,living room,Accent chair,"{""widthCm"":null,""depthCm"":null,""heightCm"":null,""lengthCm"":null,""diameterCm"":null,""weightKg"":null}",,,,56,off_03a091eca4c49992183e
prd_e3ef06d12e795c1a22fc,,ASKIM Accent Chair - Brown,Pan Home,living room,Accent chair,"{""widthCm"":null,""depthCm"":null,""heightCm"":null,""lengthCm"":null,""diameterCm"":null,""weightKg"":null}",,,,56,off_a80c8a277532db6ad577
prd_881adda0d30a234cc3c8,,LAMY Accent Chair with Ottoman,Pan Home,living room,Accent chair set,"{""widthCm"":null,""depthCm"":null,""heightCm"":null,""lengthCm"":null,""diameterCm"":null,""weightKg"":null}",,,,56,off_60c5c0c28d8ca1b5005c
prd_911e920f99a9e9c64cdc,,KARPOS Accent Chair - White,Pan Home,living room,Accent chair,"{""widthCm"":null,""depthCm"":null,""heightCm"":null,""lengthCm"":null,""diameterCm"":null,""weightKg"":null}",,,,56,off_88d4518e9a7945feab0c
prd_d5f2301358d758388ccb,,KARPOS Accent Chair - Zebra,Pan Home,living room,Accent chair,"{""widthCm"":null,""depthCm"":null,""heightCm"":null,""lengthCm"":null,""diameterCm"":null,""weightKg"":null}",,,,56,off_63cbce4ad728b094e736
prd_42415c41c314a77d94be,,KARPOS Accent Chair - Grey,Pan Home,living room,Accent chair,"{""widthCm"":null,""depthCm"":null,""heightCm"":null,""lengthCm"":null,""diameterCm"":null,""weightKg"":null}",,,,56,off_22d7d50a2bca7eb21526
prd_2c4c5bde33e9ed625d10,,AYLIN Accent Chair - Beige,Pan Home,living room,Accent chair,"{""widthCm"":null,""depthCm"":null,""heightCm"":null,""lengthCm"":null,""diameterCm"":null,""weightKg"":null}",,,,56,off_4e5beb86a3d7a42ec35a
prd_d5f4f2192cf3764c86ec,,PRECY E27 Rattan Floor Lamp - Natural,Pan Home,lighting,Floor lamp,"{""widthCm"":null,""depthCm"":null,""heightCm"":null,""lengthCm"":null,""diameterCm"":null,""weightKg"":null}",,,,56,off_d769ae20e0da1c7714ad
prd_7ea840a2bb4efda2ae96,,SHINGO E27 Floor Lamp - Natural,Pan Home,lighting,Floor lamp,"{""widthCm"":null,""depthCm"":null,""heightCm"":null,""lengthCm"":null,""diameterCm"":null,""weightKg"":null}",,,,56,off_99edf213201746df48a7
prd_9f14334007968d66ac0f,,DONCHIC E27 Abaca Floor Lamp - Natural,Pan Home,lighting,Floor lamp,"{""widthCm"":null,""depthCm"":null,""heightCm"":null,""lengthCm"":null,""diameterCm"":null,""weightKg"":null}",,,,56,off_773bca950ee2dfda035f
prd_01e208327ed0cb23018a,,BEAMER E27 Arc Floor Lamp - Black,Pan Home,lighting,Floor lamp,"{""widthCm"":null,""depthCm"":null,""heightCm"":null,""lengthCm"":null,""diameterCm"":null,""weightKg"":null}",,,,56,off_7a91356f55d29ff1dc4a
prd_b05a662021084d2eb66f,,COSMO 2-Light E27 Floor Lamp - Black,Pan Home,lighting,Floor lamp,"{""widthCm"":null,""depthCm"":null,""heightCm"":null,""lengthCm"":null,""diameterCm"":null,""weightKg"":null}",,,,56,off_77bd5b2895726ade3ce5
prd_32d55b6ac66c8520da66,,GALAXY 5-Light E14 Arc Floor Lamp - Satin Nickel,Pan Home,lighting,Floor lamp,"{""widthCm"":null,""depthCm"":null,""heightCm"":null,""lengthCm"":null,""diameterCm"":null,""weightKg"":null}",,,,56,off_c4ea90a003cc45979fad
prd_fc349dd939c660cc53fd,,COTTER E27 Paper Rope Floor Lamp - Natural,Pan Home,lighting,Floor lamp,"{""widthCm"":null,""depthCm"":null,""heightCm"":null,""lengthCm"":null,""diameterCm"":null,""weightKg"":null}",,,,56,off_46510eef9d245a37c46d
prd_a844ca387c150041d400,,BRAVADO E27 Polyresin Floor Lamp - Black,Pan Home,lighting,Floor lamp,"{""widthCm"":null,""depthCm"":null,""heightCm"":null,""lengthCm"":null,""diameterCm"":null,""weightKg"":null}",,,,56,off_c4a753f1c732d1b79f39
prd_4517b8c6ffbf7ee75c00,,COSTAN E27 Seagrass Floor Lamp - Natural,Pan Home,lighting,Floor lamp,"{""widthCm"":null,""depthCm"":null,""heightCm"":null,""lengthCm"":null,""diameterCm"":null,""weightKg"":null}",,,,56,off_007dd14921e11cfa931c
prd_328185bdc09c9dc8a76f,,AMORE Accent Chair - Cream,Pan Home,living room,Accent chair,"{""widthCm"":null,""depthCm"":null,""heightCm"":null,""lengthCm"":null,""diameterCm"":null,""weightKg"":null}",,,,56,off_1b20a17133533c0b62e5
prd_f960df6fcd63294c340d,,SERGIO Accent Chair - White & Black,Pan Home,living room,Accent chair,"{""widthCm"":null,""depthCm"":null,""heightCm"":null,""lengthCm"":null,""diameterCm"":null,""weightKg"":null}",,,,56,off_b6a50d29459bd822c80d
prd_952bc786ad6d0ba1a34f,,MORO Accent Chair,Pan Home,living room,Accent chair,"{""widthCm"":null,""depthCm"":null,""heightCm"":null,""lengthCm"":null,""diameterCm"":null,""weightKg"":null}",,,,56,off_24e0e9efb091c6f13d83
prd_3a915a3867b95659bd55,,MOOD Accent Chair - Grey,Pan Home,living room,Accent chair,"{""widthCm"":null,""depthCm"":null,""heightCm"":null,""lengthCm"":null,""diameterCm"":null,""weightKg"":null}",,,,56,off_07d2ae18ce27cc4623fb
prd_3feefe42e9244170646a,,THOFFEY E27 Polyresin Floor Lamp - Black,Pan Home,lighting,Floor lamp,"{""widthCm"":null,""depthCm"":null,""heightCm"":null,""lengthCm"":null,""diameterCm"":null,""weightKg"":null}",,,,56,off_6846721a5c666064b964
prd_bf3465ae3f7a34daff57,,Willow Coffee Table Wood - Off White,Pan Home,living room,Coffee table,"{""widthCm"":null,""depthCm"":null,""heightCm"":null,""lengthCm"":null,""diameterCm"":null,""weightKg"":null}",,,,56,off_82ab2317c6068ec1c825
prd_e89a4c0e1c11089e5261,,Warren Sideboard with Mirror High Gloss - Light Grey,Pan Home,dining room,Sideboard with mirror,"{""widthCm"":null,""depthCm"":null,""heightCm"":null,""lengthCm"":null,""diameterCm"":null,""weightKg"":null}",,,,56,off_664527f80ca8de8b967e
prd_c2ba429e19c58c530eb1,,Hines Coffee Table Wood - White,Pan Home,living room,Coffee table,"{""widthCm"":null,""depthCm"":null,""heightCm"":null,""lengthCm"":null,""diameterCm"":null,""weightKg"":null}",,,,56,off_a71f547a317afaf125d9
prd_79aa54fc97e75e4ea276,,Parsifal Coffee Table Wood - Brown,Pan Home,living room,Coffee table,"{""widthCm"":null,""depthCm"":null,""heightCm"":null,""lengthCm"":null,""diameterCm"":null,""weightKg"":null}",,,,56,off_d0aa857f7f5428c595ab
prd_ed282a0e204a469e3d84,,Mirren Coffee Table with 2 Drawers - Light Brown & Black,Pan Home,living room,Coffee table,"{""widthCm"":null,""depthCm"":null,""heightCm"":null,""lengthCm"":null,""diameterCm"":null,""weightKg"":null}",,,,56,off_1df1be5d0734fbe1e297
prd_d726dbb6f41598b5f6f7,,Spiva Coffee Table Solid Wood Large - Natural,Pan Home,living room,Coffee table,"{""widthCm"":null,""depthCm"":null,""heightCm"":null,""lengthCm"":null,""diameterCm"":null,""weightKg"":null}",,,,56,off_660115f0c4ab75785cdf
prd_5f8add3c09e54528eb09,,Simona Sideboard with 4 Doors Ceramic - Black & Gold,Pan Home,dining room,Sideboard,"{""widthCm"":null,""depthCm"":null,""heightCm"":null,""lengthCm"":null,""diameterCm"":null,""weightKg"":null}",,,,56,off_90244653f592063b4912
prd_37b6d48698a2826ebf2a,,Bonhila Sideboard with 4 Doors Veneer - Beige,Pan Home,dining room,Sideboard,"{""widthCm"":null,""depthCm"":null,""heightCm"":null,""lengthCm"":null,""diameterCm"":null,""weightKg"":null}",,,,56,off_589eba10e9feaf2b90b5
prd_9f2d812608d36f96ff95,,Pablo Coffee Table Set of 3 Concrete - Light Grey & Terracotta,Pan Home,living room,Coffee table set,"{""widthCm"":null,""depthCm"":null,""heightCm"":null,""lengthCm"":null,""diameterCm"":null,""weightKg"":null}",,,,56,off_f8dae5749394a6a2ad68
prd_26c91d6eb5e75dd25899,,Merla Sideboard with 4 Doors Sintered Stone - Beige & Black,Pan Home,dining room,Sideboard,"{""widthCm"":null,""depthCm"":null,""heightCm"":null,""lengthCm"":null,""diameterCm"":null,""weightKg"":null}",,,,56,off_71903110baa48b944a34
prd_ab169480ca6b050f00be,,Kira Coffee Table Marble - Beige & Brown,Pan Home,living room,Coffee table,"{""widthCm"":null,""depthCm"":null,""heightCm"":null,""lengthCm"":null,""diameterCm"":null,""weightKg"":null}",,,,56,off_77b1a55dcf52ec612697
prd_e708c819143e5a0f021f,,Glanvill Coffee Table Set of 2 Round - Grey,Pan Home,living room,Coffee table set,"{""widthCm"":null,""depthCm"":null,""heightCm"":null,""lengthCm"":null,""diameterCm"":null,""weightKg"":null}",,,,56,off_361047f1299bc618d57b
prd_3129fd1144267a863d8b,,Venker Coffee Table Set of 2 Square - Natural,Pan Home,living room,Coffee table set,"{""widthCm"":null,""depthCm"":null,""heightCm"":null,""lengthCm"":null,""diameterCm"":null,""weightKg"":null}",,,,56,off_0b523f93713c04da7bf0
prd_620ee0e071d216720fee,,Truman 1+2 Coffee Table Set Wood - Brown & Black,Pan Home,living room,Coffee table set,"{""widthCm"":null,""depthCm"":null,""heightCm"":null,""lengthCm"":null,""diameterCm"":null,""weightKg"":null}",,,,56,off_b7a42fcd34a9ffec3fe9
prd_3dab46ad4c0761748604,,Venker Coffee Table Set of 2 Square - Dark Grey,Pan Home,living room,Coffee table set,"{""widthCm"":null,""depthCm"":null,""heightCm"":null,""lengthCm"":null,""diameterCm"":null,""weightKg"":null}",,,,56,off_dcd80ce4efd9626cb271
prd_6e7a7a238bbae387392b,,Glory 1+2 Coffee Table Set Wood - Brown & Black,Pan Home,living room,Coffee table set,"{""widthCm"":null,""depthCm"":null,""heightCm"":null,""lengthCm"":null,""diameterCm"":null,""weightKg"":null}",,,,56,off_0d93fe218b1b2e88586c
prd_d331527bfdc666daeba9,,Remeno Coffee Table Set 1+2 - Gold,Pan Home,living room,Coffee table set,"{""widthCm"":null,""depthCm"":null,""heightCm"":null,""lengthCm"":null,""diameterCm"":null,""weightKg"":null}",,,,56,off_5082aa7307e86f936fdf
prd_8d8ec545d8b763ac99cf,,Nour 1+4 Coffee Table Set - Brown,Pan Home,living room,Coffee table set,"{""widthCm"":null,""depthCm"":null,""heightCm"":null,""lengthCm"":null,""diameterCm"":null,""weightKg"":null}",,,,56,off_fc6d0c278fffe8c84598
prd_2fd656739b5612e58856,,Tommaso Coffee Table Set of 2 Melamine - Natural & White,Pan Home,living room,Coffee table set,"{""widthCm"":null,""depthCm"":null,""heightCm"":null,""lengthCm"":null,""diameterCm"":null,""weightKg"":null}",,,,56,off_5ad58daf8fb51f794f12
prd_157b0ea41c5725488b09,,Pyrus Coffee Table Glass - Gold,Pan Home,living room,Coffee table,"{""widthCm"":null,""depthCm"":null,""heightCm"":null,""lengthCm"":null,""diameterCm"":null,""weightKg"":null}",,,,56,off_0fae53a14e0730dc2b34
prd_900e01e66c16439040c4,,Aero Coffee Table Wood - Black,Pan Home,living room,Coffee table,"{""widthCm"":null,""depthCm"":null,""heightCm"":null,""lengthCm"":null,""diameterCm"":null,""weightKg"":null}",,,,56,off_edd3662bd64a264b187c
prd_de8a04e433a65ac241e1,,Wingle Coffee Table Glass - Silver,Pan Home,living room,Coffee table,"{""widthCm"":null,""depthCm"":null,""heightCm"":null,""lengthCm"":null,""diameterCm"":null,""weightKg"":null}",,,,56,off_c30f15bac51ca92145ef
prd_5d2f2db00a4b6242515f,,Cardinal Coffee Table - Silver,Pan Home,living room,Coffee table,"{""widthCm"":null,""depthCm"":null,""heightCm"":null,""lengthCm"":null,""diameterCm"":null,""weightKg"":null}",,,,56,off_4f92bb53d1868ef29446
prd_d2ccd866ffbdd52ed63b,,Delta 3 Seater Sofa,Pan Home,living room,3-seater sofa,"{""widthCm"":null,""depthCm"":null,""heightCm"":null,""lengthCm"":null,""diameterCm"":null,""weightKg"":null}",,,,56,off_e97a47c43c94875ddc16
prd_de6fa62dca4cff3ccf97,,York Sectional Sofa,Pan Home,living room,Sectional sofa,"{""widthCm"":null,""depthCm"":null,""heightCm"":null,""lengthCm"":null,""diameterCm"":null,""weightKg"":null}",,,,56,off_99ae98e9e8ed16e26ee8
prd_b75aba751751516566c4,,Chirag Sectional Sofa Set,Pan Home,living room,Sectional sofa set,"{""widthCm"":null,""depthCm"":null,""heightCm"":null,""lengthCm"":null,""diameterCm"":null,""weightKg"":null}",,,,56,off_ba766d23923fa1c8f18f
prd_4a591db9add07c1e57ec,,Danietta Sectional Sofa,Pan Home,living room,Sectional sofa,"{""widthCm"":null,""depthCm"":null,""heightCm"":null,""lengthCm"":null,""diameterCm"":null,""weightKg"":null}",,,,56,off_221c4ae41efb5185b687
prd_f20e2dbea9ca4abc5feb,,Quebec Sectional Sofa Cum Bed,Pan Home,living room,Sofa bed,"{""widthCm"":null,""depthCm"":null,""heightCm"":null,""lengthCm"":null,""diameterCm"":null,""weightKg"":null}",,,,56,off_7fb5182efcf85ad9770e
prd_4d6e8b41cf61bcc70c8d,,Jumanji 4 Seater Sofa - Beige,Pan Home,living room,4-seater sofa,"{""widthCm"":null,""depthCm"":null,""heightCm"":null,""lengthCm"":null,""diameterCm"":null,""weightKg"":null}",,,,56,off_197930bd4ede8fc034d5
prd_c54138ed1a0c3f46e60f,,Abbigail Nightstand with 2 Drawers - Light Grey,Pan Home,bedroom,Nightstand,"{""widthCm"":null,""depthCm"":null,""heightCm"":null,""lengthCm"":null,""diameterCm"":null,""weightKg"":null}",,,,56,off_9408d027b66f61afcbfa
prd_64a3ad2edbcb6c96d4ac,,Napoli 1+2 Coffee Table Set - Brown,Pan Home,living room,Coffee table set,"{""widthCm"":null,""depthCm"":null,""heightCm"":null,""lengthCm"":null,""diameterCm"":null,""weightKg"":null}",,,,56,off_4c25cc145ba7793bd83c
prd_1cc7e50d5c18c578a8f7,,Sawyer Coffee Table Set of 2 Travertine - Natural & Black,Pan Home,living room,Coffee table set,"{""widthCm"":null,""depthCm"":null,""heightCm"":null,""lengthCm"":null,""diameterCm"":null,""weightKg"":null}",,,,56,off_6440f0d9deff4984273d
prd_d38a062d7d6348892439,,Hazar 1+2 Coffee Table Set,Pan Home,living room,Coffee table set,"{""widthCm"":null,""depthCm"":null,""heightCm"":null,""lengthCm"":null,""diameterCm"":null,""weightKg"":null}",,,,56,off_d6eb1ab3fc2271946c87
prd_334c487d9b32787fc532,,Maddox Coffee Table Set of 2 Travertine - Natural & Brown,Pan Home,living room,Coffee table set,"{""widthCm"":null,""depthCm"":null,""heightCm"":null,""lengthCm"":null,""diameterCm"":null,""weightKg"":null}",,,,56,off_2ea09d1bbe3abae79965
prd_f596c75824faf71e066d,,Nilamey Coffee Table Veneer - Brown & White,Pan Home,living room,Coffee table,"{""widthCm"":null,""depthCm"":null,""heightCm"":null,""lengthCm"":null,""diameterCm"":null,""weightKg"":null}",,,,56,off_d92cf060a109e622e4b1
prd_90210a6f394402d41003,,Nior 1+2 Coffee Table Set - Brown,Pan Home,living room,Coffee table set,"{""widthCm"":null,""depthCm"":null,""heightCm"":null,""lengthCm"":null,""diameterCm"":null,""weightKg"":null}",,,,56,off_07d68dbf3e88a17d6a34
prd_86678bd79ec2253ba6ea,,Angelina Coffee Table - White Champagne,Pan Home,living room,Coffee table,"{""widthCm"":null,""depthCm"":null,""heightCm"":null,""lengthCm"":null,""diameterCm"":null,""weightKg"":null}",,,,56,off_e3c7e64747b10f8c2422
prd_5eaa46a5543d317ffd8c,,"MÄVINN Rug, flatwoven, yellow/stripe pattern, 70x200 cm",IKEA,soft furnishings,Rug,"{""widthCm"":null,""depthCm"":null,""heightCm"":null,""lengthCm"":null,""diameterCm"":null,""weightKg"":null}",,,,56,off_9fcc8ab14caeef06ab89
prd_f872991930f7448d3867,,"HUSSPARV Rug, green, 100x133 cm",IKEA,soft furnishings,Rug,"{""widthCm"":null,""depthCm"":null,""heightCm"":null,""lengthCm"":null,""diameterCm"":null,""weightKg"":null}",,,,56,off_0842bcb395e24423a8fb
prd_1a3d2745de9dc6603d48,,"HOVET Mirror, aluminium, 78x196 cm",IKEA,home decor,Mirror,"{""widthCm"":null,""depthCm"":null,""heightCm"":null,""lengthCm"":null,""diameterCm"":null,""weightKg"":null}",,,,56,off_e9368dcab8b6b2982153
prd_f8d9437cde49f7b3853e,,"MICKE Desk, white, 105x50 cm",IKEA,home office,Desk,"{""widthCm"":null,""depthCm"":null,""heightCm"":null,""lengthCm"":null,""diameterCm"":null,""weightKg"":null}",,,,56,off_0ca3825ae9df3ba01c99
prd_1b7ff3a2881b507ae7c5,,"LOHALS Rug, flatwoven, natural, 160x230 cm",IKEA,soft furnishings,Rug,"{""widthCm"":null,""depthCm"":null,""heightCm"":null,""lengthCm"":null,""diameterCm"":null,""weightKg"":null}",,,,56,off_839248064c908623e09b
prd_f061a37cbdc4ef887e1d,,"NISSEDAL Mirror, black, 40x150 cm",IKEA,home decor,Mirror,"{""widthCm"":null,""depthCm"":null,""heightCm"":null,""lengthCm"":null,""diameterCm"":null,""weightKg"":null}",,,,56,off_26d31b43ec078791cbb3
prd_c108e3cc37c769172807,,"TIBAST Curtains, 1 pair, white, 145x300 cm",IKEA,soft furnishings,Curtains,"{""widthCm"":null,""depthCm"":null,""heightCm"":null,""lengthCm"":null,""diameterCm"":null,""weightKg"":null}",,,,56,off_e39f4e2616018ee0652e
prd_b9a1124f88af1d7b7679,,"UTMANING Gaming desk, black, 120x80 cm",IKEA,home office,Gaming desk,"{""widthCm"":null,""depthCm"":null,""heightCm"":null,""lengthCm"":null,""diameterCm"":null,""weightKg"":null}",,,,56,off_9dc2abe660053193397a
prd_875769c4954f78e7212a,,"SORTSÖ Rug, flatwoven, unbleached, 55x85 cm",IKEA,soft furnishings,Rug,"{""widthCm"":null,""depthCm"":null,""heightCm"":null,""lengthCm"":null,""diameterCm"":null,""weightKg"":null}",,,,56,off_b5c9219f9c32b6f9e333
prd_fd9194b948c53d351c16,,"LÄRBRO Mirror, 48x60 cm",IKEA,home decor,Mirror,"{""widthCm"":null,""depthCm"":null,""heightCm"":null,""lengthCm"":null,""diameterCm"":null,""weightKg"":null}",,,,56,off_ca8eb8601da25fbb6b07
prd_f0b67aad8aa672031421,,"MÄVINN Curtains, 1 pair, black/white/green, 110x300 cm",IKEA,soft furnishings,Curtains,"{""widthCm"":null,""depthCm"":null,""heightCm"":null,""lengthCm"":null,""diameterCm"":null,""weightKg"":null}",,,,56,off_866fc49b863bb26f91cd
prd_ed4b8cd6f855ee65e9f9,,"MALM Desk, white, 140x65 cm",IKEA,home office,Desk,"{""widthCm"":null,""depthCm"":null,""heightCm"":null,""lengthCm"":null,""diameterCm"":null,""weightKg"":null}",,,,56,off_0056f952146491f742bd
prd_df9b9daced331866b4bd,,"BREVBÄRARE Rug, high pile, deep beige, 160x230 cm",IKEA,soft furnishings,Rug,"{""widthCm"":null,""depthCm"":null,""heightCm"":null,""lengthCm"":null,""diameterCm"":null,""weightKg"":null}",,,,56,off_92848f266568cabbd3ad
prd_fc50cb2443efe48b9cfb,,"BLODLÖNN Mirror, 30x30 cm",IKEA,home decor,Mirror,"{""widthCm"":null,""depthCm"":null,""heightCm"":null,""lengthCm"":null,""diameterCm"":null,""weightKg"":null}",,,,56,off_6989e6eee3397fe1f00f
prd_3f8c330d3eef4242415c,,"LENDA Curtains with tie-backs, off-white",IKEA,soft furnishings,Curtains,"{""widthCm"":null,""depthCm"":null,""heightCm"":null,""lengthCm"":null,""diameterCm"":null,""weightKg"":null}",,,,56,off_3ed8527cd0d6e7e4b969
prd_69f273d056d36ba8c310,,"ENKROKEN Desk, white, 85x56x75 cm",IKEA,home office,Desk,"{""widthCm"":null,""depthCm"":null,""heightCm"":null,""lengthCm"":null,""diameterCm"":null,""weightKg"":null}",,,,56,off_b8ec494acf1066e30740
prd_41ccbb75efa968cae6db,,"TIPHEDE Rug, flatwoven, natural/black, 120x180 cm",IKEA,soft furnishings,Rug,"{""widthCm"":null,""depthCm"":null,""heightCm"":null,""lengthCm"":null,""diameterCm"":null,""weightKg"":null}",,,,56,off_a9ceee32d8e57a5dc1eb
prd_4fc97e83c9b85abbaa84,,"TROTTEN Desk, ash effect/white, 160x80 cm",IKEA,home office,Desk,"{""widthCm"":null,""depthCm"":null,""heightCm"":null,""lengthCm"":null,""diameterCm"":null,""weightKg"":null}",,,,56,off_853ecae06d42664ba355
prd_e048dcc9151cc6c634d9,,"MÄVINN Rug, flatwoven, multicolour, 60x90 cm",IKEA,soft furnishings,Rug,"{""widthCm"":null,""depthCm"":null,""heightCm"":null,""lengthCm"":null,""diameterCm"":null,""weightKg"":null}",,,,56,off_badc441b835e6d921b70
prd_dae7382040b40604f483,,"LINDBYN Mirror, black, 60x120 cm",IKEA,home decor,Mirror,"{""widthCm"":null,""depthCm"":null,""heightCm"":null,""lengthCm"":null,""diameterCm"":null,""weightKg"":null}",,,,56,off_8d5cabd0933bdf09c699
prd_396e79ea3a8c7ff9716b,,"SLÅNHÖSTMAL Curtains, 1 pair, white/black stripe, 145x300 cm",IKEA,soft furnishings,Curtains,"{""widthCm"":null,""depthCm"":null,""heightCm"":null,""lengthCm"":null,""diameterCm"":null,""weightKg"":null}",,,,56,off_7d0a57f6f24ae3fdfa56
prd_1629cd93d5825d90292e,,"MICKE Desk, white, 73x50 cm",IKEA,home office,Desk,"{""widthCm"":null,""depthCm"":null,""heightCm"":null,""lengthCm"":null,""diameterCm"":null,""weightKg"":null}",,,,56,off_7b580f09ff882931ea9a
prd_9f9132087e964641c593,كنبة LANDSKRONA ثلاثية المقاعد,LANDSKRONA 3-seat sofa,IKEA,sofas,3-seat-sofa,"{""widthCm"":204,""depthCm"":89,""heightCm"":78,""lengthCm"":null,""diameterCm"":null,""weightKg"":null}",modern|luxury|warm|leather,living-room|majlis,balanced,92,off_8fbe30636842a7e12637
prd_49c454e8ac4c76fe8936,كنبة STOCKHOLM ثلاثية المقاعد,STOCKHOLM Three-seat sofa,IKEA,sofas,3-seat-sofa,"{""widthCm"":211,""depthCm"":88,""heightCm"":80,""lengthCm"":null,""diameterCm"":null,""weightKg"":null}",premium|scandinavian|natural|leather,living-room|majlis,luxury,92,off_29c975fcdbb8c0e5bdea
prd_2bc5bca020e55242698d,كنبة KIVIK ثنائية المقاعد,KIVIK 2-seat sofa,IKEA,sofas,2-seat-sofa,"{""widthCm"":190,""depthCm"":95,""heightCm"":83,""lengthCm"":null,""diameterCm"":null,""weightKg"":null}",modern|black|leather,living-room|office,balanced,92,off_e5e4d90e9d915333b88b
prd_7a4b8f81cb9fbd6361ae,كنبة KIVIK ثلاثية المقاعد,KIVIK 3-seat sofa,IKEA,sofas,3-seat-sofa,"{""widthCm"":227,""depthCm"":95,""heightCm"":83,""lengthCm"":null,""diameterCm"":null,""weightKg"":null}",modern|black|leather,living-room|majlis,balanced,92,off_48c2c7e0a912c87ba29f
prd_af28cd14068ef83a983b,كنبة KIVIK ثلاثية مع شيزلونج,KIVIK 3-seat sofa with chaise longue,IKEA,sofas,chaise-sofa,"{""widthCm"":280,""depthCm"":163,""heightCm"":83,""lengthCm"":null,""diameterCm"":null,""weightKg"":null}",modern|sectional|black|leather,living-room|family-room,luxury,92,off_1ec02a72e087226d7685
prd_973eeaceceebd1af3ec9,كنبة VIMLE رباعية مع شيزلونج,VIMLE 4-seat sofa with chaise longue,IKEA,sofas,chaise-sofa,"{""widthCm"":322,""depthCm"":164,""heightCm"":80,""lengthCm"":null,""diameterCm"":null,""weightKg"":null}",modern|sectional|large|black,living-room|family-room|majlis,luxury,92,off_78372190ef042fae5f89
