merchant,brand,name_ar,name_en,category,sku,product_url,quality_score,issues,price_sar_TO_FILL,width_cm_TO_FILL,depth_cm_TO_FILL,height_cm_TO_FILL,availability_TO_FILL
IKEA Saudi Arabia,IKEA,مصباح أرضي HEKTAR رمادي داكن,HEKTAR Floor lamp dark grey,lighting,602.165.49,https://www.ikea.com/sa/en/p/hektar-floor-lamp-dark-grey-60216549/,56,missing_price|unknown_availability|missing_dimensions,,,,,
IKEA Saudi Arabia,IKEA,سرير VIHALS أبيض,VIHALS Bed frame white,bedroom,206.024.39,https://www.ikea.com/sa/en/p/vihals-bed-frame-white-20602439/,68,unknown_availability|missing_dimensions,495,,,,
IKEA Saudi Arabia,IKEA,سرير MALM مرتفع أبيض,MALM Bed frame high white,bedroom,S099.293.73,https://www.ikea.com/sa/en/p/malm-bed-frame-high-white-s09929373/,68,unknown_availability|missing_dimensions,829,,,,
IKEA Saudi Arabia,IKEA,سرير MALM كينغ مرتفع أبيض,MALM King bed frame high white,bedroom,S299.316.00,https://www.ikea.com/sa/en/p/malm-bed-frame-high-white-s29931600/,68,unknown_availability|missing_dimensions,929,,,,
IKEA Saudi Arabia,IKEA,سرير TARVA من الصنوبر,TARVA Bed frame pine,bedroom,S699.292.33,https://www.ikea.com/sa/en/p/tarva-bed-frame-pine-s69929233/,68,unknown_availability|missing_dimensions,625,,,,
IKEA Saudi Arabia,IKEA,سرير STJÄRNÖ أبيض,STJÄRNÖ Bed frame white,bedroom,105.794.96,https://www.ikea.com/sa/en/p/stjaernoe-bed-frame-white-10579496/,68,unknown_availability|missing_dimensions,795,,,,
IKEA Saudi Arabia,IKEA,كومودينة BJÖRKSNÄS من البتولا,BJÖRKSNÄS Bedside table birch,bedroom,704.073.60,https://www.ikea.com/sa/en/p/bjoerksnaes-bedside-table-birch-70407360/,68,unknown_availability|missing_dimensions,439,,,,
IKEA Saudi Arabia,IKEA,كومودينة GRÅFJÄLLET بيضاء,GRÅFJÄLLET Bedside table white,bedroom,005.831.06,https://www.ikea.com/sa/en/p/grafjaellet-bedside-table-white-00583106/,68,unknown_availability|missing_dimensions,179,,,,
IKEA Saudi Arabia,IKEA,كومودينة KNARREVIK سوداء,KNARREVIK Bedside table black,bedroom,205.699.77,https://www.ikea.com/sa/en/p/knarrevik-bedside-table-black-20569977/,68,unknown_availability|missing_dimensions,69,,,,
IKEA Saudi Arabia,IKEA,دولاب PLATSA بثلاثة أبواب و6 أدراج,PLATSA Wardrobe with 3 doors and 6 drawers,storage,S396.251.05,https://www.ikea.com/sa/en/p/platsa-wardrobe-with-3-doors-6-drawers-white-fonnes-white-s39625105/,68,unknown_availability|missing_dimensions,3115,,,,
IKEA Saudi Arabia,IKEA,دولاب PLATSA بثلاثة أبواب,PLATSA Wardrobe with 3 doors,storage,S196.154.52,https://www.ikea.com/sa/en/p/platsa-wardrobe-with-3-doors-white-fonnes-white-s19615452/,68,unknown_availability|missing_dimensions,1815,,,,
IKEA Saudi Arabia,IKEA,دولاب PAX / MEHAMN / AULI بمرآة,PAX / MEHAMN / AULI Wardrobe with mirror glass,storage,S195.614.30,https://www.ikea.com/sa/en/p/pax-mehamn-auli-wardrobe-white-double-sided-white-stained-oak-effect-mirror-glass-s19561430/,68,unknown_availability|missing_dimensions,5295,,,,
IKEA Saudi Arabia,IKEA,دولاب RAKKESTAD بثلاثة أبواب,RAKKESTAD Wardrobe with 3 doors,storage,704.537.62,https://www.ikea.com/sa/en/p/rakkestad-wardrobe-with-3-doors-black-brown-70453762/,68,unknown_availability|missing_dimensions,799,,,,
IKEA Saudi Arabia,IKEA,دولاب KLEPPSTAD بثلاثة أبواب,KLEPPSTAD Wardrobe with 3 doors,storage,004.417.58,https://www.ikea.com/sa/en/p/kleppstad-wardrobe-with-3-doors-white-00441758/,68,unknown_availability|missing_dimensions,699,,,,
IKEA Saudi Arabia,IKEA,دولاب PAX / BERGSBO أبيض,PAX / BERGSBO Wardrobe white,storage,S995.023.28,https://www.ikea.com/sa/en/p/pax-bergsbo-wardrobe-white-white-s99502328/,68,unknown_availability|missing_dimensions,3090,,,,
IKEA Saudi Arabia,IKEA,مرتبة فوم ÅKREHAMN صلبة,ÅKREHAMN Foam mattress firm,mattresses,604.816.47,https://www.ikea.com/sa/en/p/akrehamn-foam-mattress-firm-white-60481647/,68,unknown_availability|missing_dimensions,1495,,,,
IKEA Saudi Arabia,IKEA,مرتبة نوابض منفصلة VESTERÖY صلبة,VESTERÖY Pocket sprung mattress firm,mattresses,004.505.02,https://www.ikea.com/sa/en/p/vesteroey-pocket-sprung-mattress-firm-light-blue-00450502/,68,unknown_availability|missing_dimensions,529,,,,
IKEA Saudi Arabia,IKEA,مرتبة نوابض منفصلة VATNESTRÖM صلبة,VATNESTRÖM Pocket sprung mattress firm,mattresses,904.764.04,https://www.ikea.com/sa/en/p/vatnestroem-pocket-sprung-mattress-firm-natural-90476404/,68,unknown_availability|missing_dimensions,3595,,,,
IKEA Saudi Arabia,IKEA,سرير MALM مع مرتبة VESTERÖY,MALM Bed frame with VESTERÖY mattress,bedroom,S995.447.81,https://www.ikea.com/sa/en/p/malm-bed-frame-with-mattress-white-vesteroey-extra-firm-s99544781/,68,unknown_availability|missing_dimensions,2128,,,,
IKEA Saudi Arabia,IKEA,وحدة تلفزيون VIHALS بيضاء,VIHALS TV bench white,tv-media,805.428.57,https://www.ikea.com/sa/en/p/vihals-tv-bench-white-80542857/,56,missing_price|unknown_availability|missing_dimensions,,,,,
IKEA Saudi Arabia,IKEA,وحدة تلفزيون VIHALS رمادي داكن,VIHALS TV bench dark grey,tv-media,005.436.72,https://www.ikea.com/sa/en/p/vihals-tv-bench-dark-grey-00543672/,68,unknown_availability|missing_dimensions,499,,,,
IKEA Saudi Arabia,IKEA,وحدة تلفزيون BESTÅ بأبواب بيضاء,BESTÅ TV bench with doors white,tv-media,S295.973.77,https://www.ikea.com/sa/en/p/besta-tv-bench-with-doors-white-foervaltare-white-s29597377/,68,unknown_availability|missing_dimensions,1140,,,,
IKEA Saudi Arabia,IKEA,تشكيلة تلفزيون وتخزين VIHALS بيضاء,VIHALS TV/storage combination white,tv-media,S995.211.57,https://www.ikea.com/sa/en/p/vihals-tv-storage-combination-white-s99521157/,56,missing_price|unknown_availability|missing_dimensions,,,,,
IKEA Saudi Arabia,IKEA,تشكيلة تلفزيون وتخزين VIHALS بيضاء,VIHALS TV/storage combination white,tv-media,S495.211.12,https://www.ikea.com/sa/en/p/vihals-tv-storage-combination-white-s49521112/,56,missing_price|unknown_availability|missing_dimensions,,,,,
IKEA Saudi Arabia,IKEA,تشكيلة تلفزيون وتخزين VIHALS بيضاء,VIHALS TV/storage combination white,tv-media,S994.406.13,https://www.ikea.com/sa/en/p/vihals-tv-storage-combination-white-s99440613/,56,missing_price|unknown_availability|missing_dimensions,,,,,
IKEA Saudi Arabia,IKEA,تشكيلة تلفزيون وتخزين VIHALS رمادي داكن,VIHALS TV/storage combination dark grey,tv-media,S095.210.72,https://www.ikea.com/sa/en/p/vihals-tv-storage-combination-dark-grey-s09521072/,68,unknown_availability|missing_dimensions,1098,,,,
IKEA Saudi Arabia,IKEA,تشكيلة تلفزيون وتخزين VIHALS رمادي داكن,VIHALS TV/storage combination dark grey,tv-media,S895.210.73,https://www.ikea.com/sa/en/p/vihals-tv-storage-combination-dark-grey-s89521073/,68,unknown_availability|missing_dimensions,1897,,,,
IKEA Saudi Arabia,IKEA,تشكيلة تلفزيون وتخزين VIHALS بيضاء,VIHALS TV/storage combination white,tv-media,S094.406.79,https://www.ikea.com/sa/en/p/vihals-tv-storage-combination-white-s09440679/,68,unknown_availability|missing_dimensions,1797,,,,
IKEA Saudi Arabia,IKEA,تشكيلة تلفزيون وتخزين VIHALS رمادي داكن,VIHALS TV/storage combination dark grey,tv-media,S695.210.74,https://www.ikea.com/sa/en/p/vihals-tv-storage-combination-dark-grey-s69521074/,56,missing_price|unknown_availability|missing_dimensions,,,,,
IKEA Saudi Arabia,IKEA,تشكيلة تلفزيون وتخزين VIHALS بيضاء,VIHALS TV/storage combination white,tv-media,S594.406.10,https://www.ikea.com/sa/en/p/vihals-tv-storage-combination-white-s59440610/,68,unknown_availability|missing_dimensions,1897,,,,
IKEA Saudi Arabia,IKEA,طاولة VIHALS أخضر/أبيض,VIHALS Table green/white,dining,S995.785.11,https://www.ikea.com/sa/en/p/vihals-table-green-white-s99578511/,68,unknown_availability|missing_dimensions,304,,,,
IKEA Saudi Arabia,IKEA,طاولة HAUGA رمادي/قشرة بتولا,HAUGA Table grey/birch veneer,dining,705.767.20,https://www.ikea.com/sa/en/p/hauga-table-grey-birch-veneer-70576720/,56,missing_price|unknown_availability|missing_dimensions,,,,,
IKEA Saudi Arabia,IKEA,سطح طاولة STOCKHOLM 2025 قشرة بلوط,STOCKHOLM 2025 Table top oak veneer,dining,105.901.25,https://www.ikea.com/sa/en/p/stockholm-2025-table-top-oak-veneer-10590125/,68,unknown_availability|missing_dimensions,2395,,,,
IKEA Saudi Arabia,IKEA,طاولة HAUGA مع كرسيين أبيض,HAUGA / HAUGA Table and 2 chairs white,dining,S995.748.53,https://www.ikea.com/sa/en/p/hauga-hauga-table-and-2-chairs-white-white-s99574853/,56,missing_price|unknown_availability|missing_dimensions,,,,,
IKEA Saudi Arabia,IKEA,طاولة HAUGA مع كرسيين رمادي,HAUGA / HAUGA Table and 2 chairs grey,dining,S195.749.08,https://www.ikea.com/sa/en/p/hauga-hauga-table-and-2-chairs-grey-grey-s19574908/,56,missing_price|unknown_availability|missing_dimensions,,,,,
IKEA Saudi Arabia,IKEA,طاولة HAUGA مع كرسيين STEFAN,HAUGA / STEFAN Table and 2 chairs,dining,S395.749.12,https://www.ikea.com/sa/en/p/hauga-stefan-table-and-2-chairs-grey-brown-black-knisa-grey-beige-s39574912/,68,unknown_availability|missing_dimensions,799,,,,
IKEA Saudi Arabia,IKEA,طاولة STOCKHOLM 2025 مع 6 كراسي جلد بني داكن,STOCKHOLM 2025 Table and 6 chairs dark brown leather,dining,S095.799.87,https://www.ikea.com/sa/en/p/stockholm-2025-stockholm-2025-table-and-6-chairs-oak-veneer-dark-brown-leather-s09579987/,68,unknown_availability|missing_dimensions,8389,,,,
IKEA Saudi Arabia,IKEA,طاولة STOCKHOLM 2025 مع 6 كراسي جلد بلوط,STOCKHOLM 2025 Table and 6 chairs oak leather,dining,S295.799.86,https://www.ikea.com/sa/en/p/stockholm-2025-stockholm-2025-table-and-6-chairs-oak-veneer-oak-leather-s29579986/,68,unknown_availability|missing_dimensions,7789,,,,
IKEA Saudi Arabia,IKEA,طاولة STOCKHOLM 2025 مع 6 كراسي راتان,STOCKHOLM 2025 Table and 6 chairs oak rattan,dining,S895.799.88,https://www.ikea.com/sa/en/p/stockholm-2025-stockholm-2025-table-and-6-chairs-oak-veneer-oak-rattan-s89579988/,68,unknown_availability|missing_dimensions,7189,,,,
IKEA Saudi Arabia,IKEA,مرآة LINDBYN ذهبية,LINDBYN Mirror gold-colour,mirrors,904.855.97,https://www.ikea.com/sa/en/p/lindbyn-mirror-gold-colour-90485597/,68,unknown_availability|missing_dimensions,229,,,,
IKEA Saudi Arabia,IKEA,مرآة واقفة KNAPPER بيضاء,KNAPPER Standing mirror white,mirrors,003.962.42,https://www.ikea.com/sa/en/p/knapper-standing-mirror-white-00396242/,68,unknown_availability|missing_dimensions,249,,,,
IKEA Saudi Arabia,IKEA,,"KRAGSTA Coffee table, black, 90 cm",living room,802.622.53,https://www.ikea.com/sa/en/p/kragsta-coffee-table-black-80262253/,56,missing_price|unknown_availability|missing_dimensions,,,,,
IKEA Saudi Arabia,IKEA,,"LACK Coffee table, black-brown, 90x55 cm",living room,401.042.94,https://www.ikea.com/sa/en/p/lack-coffee-table-black-brown-40104294/,56,missing_price|unknown_availability|missing_dimensions,,,,,
IKEA Saudi Arabia,IKEA,,"ÄMMARYD Coffee table, white, 98x59 cm",living room,006.091.25,https://www.ikea.com/sa/en/p/aemmaryd-coffee-table-white-00609125/,56,missing_price|unknown_availability|missing_dimensions,,,,,
IKEA Saudi Arabia,IKEA,,"UGGLERUM Coffee table, walnut veneer, 130x65 cm",living room,606.279.80,https://www.ikea.com/sa/en/p/ugglerum-coffee-table-walnut-veneer-60627980/,56,missing_price|unknown_availability|missing_dimensions,,,,,
IKEA Saudi Arabia,IKEA,,"VALNÄS Coffee table, oak veneer, 118x72 cm",living room,206.280.38,https://www.ikea.com/sa/en/p/valnaes-coffee-table-oak-veneer-20628038/,56,missing_price|unknown_availability|missing_dimensions,,,,,
IKEA Saudi Arabia,IKEA,,"VITTSJÖ Coffee table, light beige/glass, 75 cm",living room,306.043.48,https://www.ikea.com/sa/en/p/vittsjoe-coffee-table-light-beige-glass-30604348/,56,missing_price|unknown_availability|missing_dimensions,,,,,
IKEA Saudi Arabia,IKEA,,"TONSTAD Coffee table, off-white, 84x82 cm",living room,904.915.60,https://www.ikea.com/sa/en/p/tonstad-coffee-table-off-white-90491560/,56,missing_price|unknown_availability|missing_dimensions,,,,,
IKEA Saudi Arabia,IKEA,,"ÖKENSAND Floor lamp, beech/white",lighting,005.415.31,https://www.ikea.com/sa/en/p/oekensand-floor-lamp-beech-white-00541531/,56,missing_price|unknown_availability|missing_dimensions,,,,,
IKEA Saudi Arabia,IKEA,,"LAUTERS Floor lamp, brown ash/white",lighting,804.059.40,https://www.ikea.com/sa/en/p/lauters-floor-lamp-brown-ash-white-80405940/,56,missing_price|unknown_availability|missing_dimensions,,,,,
IKEA Saudi Arabia,IKEA,,"UPPVIND Floor lamp, brass-plated/white",lighting,604.882.91,https://www.ikea.com/sa/en/p/uppvind-floor-lamp-brass-plated-white-60488291/,56,missing_price|unknown_availability|missing_dimensions,,,,,
IKEA Saudi Arabia,IKEA,,"NYFORS Floor lamp, nickel-plated white",lighting,103.031.10,https://www.ikea.com/sa/en/p/nyfors-floor-lamp-nickel-plated-white-10303110/,56,missing_price|unknown_availability|missing_dimensions,,,,,
IKEA Saudi Arabia,IKEA,,"NYMÅNE Floor lamp with 3-spot, white",lighting,104.554.86,https://www.ikea.com/sa/en/p/nymane-floor-lamp-with-3-spot-white-10455486/,56,missing_price|unknown_availability|missing_dimensions,,,,,
IKEA Saudi Arabia,IKEA,,"BARLAST Floor lamp, black/white, 150 cm",lighting,504.378.10,https://www.ikea.com/sa/en/p/barlast-floor-lamp-black-white-50437810/,56,missing_price|unknown_availability|missing_dimensions,,,,,
IKEA Saudi Arabia,IKEA,,"BLÄNKFYR Floor lamp, nickel-plated",lighting,005.666.92,https://www.ikea.com/sa/en/p/blaenkfyr-floor-lamp-nickel-plated-00566692/,56,missing_price|unknown_availability|missing_dimensions,,,,,
IKEA Saudi Arabia,IKEA,,"ÅRSTID Floor lamp, nickel-plated/white",lighting,901.638.65,https://www.ikea.com/sa/en/p/arstid-floor-lamp-nickel-plated-white-90163865/,56,missing_price|unknown_availability|missing_dimensions,,,,,
IKEA Saudi Arabia,IKEA,,"POÄNG Armchair and footstool, birch veneer/Knisa black",living room,194.842.05,https://www.ikea.com/sa/en/p/poaeng-armchair-and-footstool-birch-veneer-knisa-black-s19484205/,56,missing_price|unknown_availability|missing_dimensions,,,,,
IKEA Saudi Arabia,IKEA,,"EKTORP Armchair, Kilanda light beige",living room,995.521.01,https://www.ikea.com/sa/en/p/ektorp-armchair-kilanda-light-beige-s99552101/,56,missing_price|unknown_availability|missing_dimensions,,,,,
IKEA Saudi Arabia,IKEA,,"VISKAFORS 1.5-seat armchair, Lejde light beige",living room,405.222.10,https://www.ikea.com/sa/en/p/viskafors-1-5-seat-armchair-lejde-light-beige-40522210/,56,missing_price|unknown_availability|missing_dimensions,,,,,
IKEA Saudi Arabia,IKEA,,"POÄNG Armchair, black-brown/Hillared anthracite",living room,191.977.80,https://www.ikea.com/sa/en/p/poaeng-armchair-black-brown-hillared-anthracite-s19197780/,56,missing_price|unknown_availability|missing_dimensions,,,,,
IKEA Saudi Arabia,IKEA,,"POÄNG Armchair and footstool, birch veneer/Knisa light beige",living room,694.842.36,https://www.ikea.com/sa/en/p/poaeng-armchair-and-footstool-birch-veneer-knisa-light-beige-s69484236/,56,missing_price|unknown_availability|missing_dimensions,,,,,
IKEA Saudi Arabia,IKEA,,"PERSBOL Armchair, black/Tibbleby beige-grey",living room,505.259.20,https://www.ikea.com/sa/en/p/persbol-armchair-black-tibbleby-beige-grey-50525920/,56,missing_price|unknown_availability|missing_dimensions,,,,,
IKEA Saudi Arabia,IKEA,,"ÅRSUNDA Armchair, Knisa light grey",living room,005.358.94,https://www.ikea.com/sa/en/p/arsunda-armchair-knisa-light-grey-00535894/,56,missing_price|unknown_availability|missing_dimensions,,,,,
IKEA Saudi Arabia,IKEA,,"VEDBO High-back armchair, Gunnared dark grey",living room,104.241.31,https://www.ikea.com/sa/en/p/vedbo-high-back-armchair-gunnared-dark-grey-10424131/,56,missing_price|unknown_availability|missing_dimensions,,,,,
IKEA Saudi Arabia,IKEA,,"VISKAFORS 2-seat sofa, Lejde grey-green",living room,505.222.24,https://www.ikea.com/sa/en/p/viskafors-2-seat-sofa-lejde-grey-green-50522224/,56,missing_price|unknown_availability|missing_dimensions,,,,,
IKEA Saudi Arabia,IKEA,,"ÄPPLARYD 2-seat sofa, Lejde grey/black",living room,205.062.25,https://www.ikea.com/sa/en/p/aepplaryd-2-seat-sofa-lejde-grey-black-20506225/,56,missing_price|unknown_availability|missing_dimensions,,,,,
IKEA Saudi Arabia,IKEA,,"LANDSKRONA 2-seat sofa, Grann/Bomstad golden-brown/wood",living room,692.702.64,https://www.ikea.com/sa/en/p/landskrona-2-seat-sofa-grann-bomstad-golden-brown-wood-s69270264/,56,missing_price|unknown_availability|missing_dimensions,,,,,
IKEA Saudi Arabia,IKEA,,"SÖDERHAMN 2-seat sofa with chaise longue, Viarp beige/brown",living room,293.057.60,https://www.ikea.com/sa/en/p/soederhamn-2-seat-sofa-with-chaise-longue-viarp-beige-brown-s29305760/,56,missing_price|unknown_availability|missing_dimensions,,,,,
IKEA Saudi Arabia,IKEA,,"SLATTUM Upholstered bed frame, Vissle dark grey, 140x200 cm",bedroom,005.712.45,https://www.ikea.com/sa/en/p/slattum-upholstered-bed-frame-vissle-dark-grey-00571245/,56,missing_price|unknown_availability|missing_dimensions,,,,,
IKEA Saudi Arabia,IKEA,,"KLEPPSTAD Bed frame, white/Vissle beige, 140x200 cm",bedroom,004.926.77,https://www.ikea.com/sa/en/p/kleppstad-bed-frame-white-vissle-beige-00492677/,56,missing_price|unknown_availability|missing_dimensions,,,,,
IKEA Saudi Arabia,IKEA,,"NEIDEN Bed frame, pine, 140x200 cm",bedroom,703.952.39,https://www.ikea.com/sa/en/p/neiden-bed-frame-pine-70395239/,56,missing_price|unknown_availability|missing_dimensions,,,,,
IKEA Saudi Arabia,IKEA,,"MALM Bed frame, high, white, 140x200 cm",bedroom,299.315.96,https://www.ikea.com/sa/en/p/malm-bed-frame-high-white-s29931596/,56,missing_price|unknown_availability|missing_dimensions,,,,,
IKEA Saudi Arabia,IKEA,,"BRIMNES Bed frame with storage and headboard, white, 160x200 cm",bedroom,590.991.55,https://www.ikea.com/sa/en/p/brimnes-bed-frame-w-storage-and-headboard-white-s59099155/,56,missing_price|unknown_availability|missing_dimensions,,,,,
IKEA Saudi Arabia,IKEA,,"RAMNEFJÄLL Upholstered bed frame, Kilanda light beige, 160x200 cm",bedroom,695.527.44,https://www.ikea.com/sa/en/p/ramnefjaell-upholstered-bed-frame-kilanda-light-beige-s69552744/,56,missing_price|unknown_availability|missing_dimensions,,,,,
IKEA Saudi Arabia,IKEA,,"IDANÄS Bed frame, white, 140x200 cm",bedroom,904.588.91,https://www.ikea.com/sa/en/p/idanaes-bed-frame-white-90458891/,56,missing_price|unknown_availability|missing_dimensions,,,,,
IKEA Saudi Arabia,IKEA,,"IDANÄS Upholstered bed frame, Naggen beige, 140x200 cm",bedroom,605.880.64,https://www.ikea.com/sa/en/p/idanaes-upholstered-bed-frame-naggen-beige-60588064/,56,missing_price|unknown_availability|missing_dimensions,,,,,
IKEA Saudi Arabia,IKEA,,"VIHALS Bed frame, white, 160x200 cm",bedroom,606.024.42,https://www.ikea.com/sa/en/p/vihals-bed-frame-white-60602442/,56,missing_price|unknown_availability|missing_dimensions,,,,,
IKEA Saudi Arabia,IKEA,,"VIHALS Bed frame with 1 trundle bed, white/Luröy, 140x200 cm",bedroom,095.820.27,https://www.ikea.com/sa/en/p/vihals-bed-frame-with-1-trundle-bed-white-luroey-s09582027/,56,missing_price|unknown_availability|missing_dimensions,,,,,
IKEA Saudi Arabia,IKEA,,"SLATTUM Upholstered bed frame with headboard slipcover, 180x200 cm",bedroom,896.134.78,https://www.ikea.com/sa/en/p/slattum-upholstered-bed-frame-vissle-dark-grey-incl-slipcover-for-headboard-oereryd-grey-beige-s89613478/,56,missing_price|unknown_availability|missing_dimensions,,,,,
IKEA Saudi Arabia,IKEA,,"TÄLLÅSEN Upholstered bed frame, Kulsta grey-green, 140x200 cm",bedroom,605.389.22,https://www.ikea.com/sa/en/p/taellasen-upholstered-bed-frame-kulsta-grey-green-60538922/,56,missing_price|unknown_availability|missing_dimensions,,,,,
IKEA Saudi Arabia,IKEA,,"STJÄRNÖ Bed frame, white/Lönset, 140x200 cm",bedroom,195.633.73,https://www.ikea.com/sa/en/p/stjaernoe-bed-frame-white-loenset-s19563373/,56,missing_price|unknown_availability|missing_dimensions,,,,,
IKEA Saudi Arabia,IKEA,,"TUFJORD Upholstered bed frame, Tallmyra black-blue, 140x200 cm",bedroom,805.724.96,https://www.ikea.com/sa/en/p/tufjord-upholstered-bed-frame-tallmyra-black-blue-80572496/,56,missing_price|unknown_availability|missing_dimensions,,,,,
IKEA Saudi Arabia,IKEA,,"MALM Ottoman bed, white, 180x200 cm",bedroom,004.048.12,https://www.ikea.com/sa/en/p/malm-ottoman-bed-white-00404812/,56,missing_price|unknown_availability|missing_dimensions,,,,,
IKEA Saudi Arabia,IKEA,,"NORDLI Bed frame with storage and headboard, white, 140x200 cm",bedroom,092.414.20,https://www.ikea.com/sa/en/p/nordli-bed-frame-w-storage-and-headboard-white-s09241420/,56,missing_price|unknown_availability|missing_dimensions,,,,,
IKEA Saudi Arabia,IKEA,,"RÅDMANSÖ Bed frame, brown walnut effect/Leirsund, 140x200 cm",bedroom,896.301.28,https://www.ikea.com/sa/en/p/radmansoe-bed-frame-brown-walnut-effect-leirsund-s89630128/,56,missing_price|unknown_availability|missing_dimensions,,,,,
IKEA Saudi Arabia,IKEA,,"TONSTAD Bed frame with storage, brown stained oak veneer/Luröy, 140x200 cm",bedroom,594.966.97,https://www.ikea.com/sa/en/p/tonstad-bed-frame-with-storage-brown-stained-oak-veneer-luroey-s59496697/,56,missing_price|unknown_availability|missing_dimensions,,,,,
IKEA Saudi Arabia,IKEA,,"VEVELSTAD Bed frame, white, 160x200 cm",bedroom,805.063.88,https://www.ikea.com/sa/en/p/vevelstad-bed-frame-white-80506388/,56,missing_price|unknown_availability|missing_dimensions,,,,,
IKEA Saudi Arabia,IKEA,,"SAGESUND Upholstered bed frame, Diseröd brown, 180x200 cm",bedroom,704.903.83,https://www.ikea.com/sa/en/p/sagesund-upholstered-bed-frame-diseroed-brown-70490383/,56,missing_price|unknown_availability|missing_dimensions,,,,,
IKEA Saudi Arabia,IKEA,,"IDANÄS Bed frame with storage, dark brown/Lönset, 180x200 cm",bedroom,893.922.31,https://www.ikea.com/sa/en/p/idanaes-bed-frame-with-storage-dark-brown-loenset-s89392231/,56,missing_price|unknown_availability|missing_dimensions,,,,,
IKEA Saudi Arabia,IKEA,,"BRIMNES Bed frame with storage, white, 160x200 cm",bedroom,399.029.37,https://www.ikea.com/sa/en/p/brimnes-bed-frame-with-storage-white-s39902937/,56,missing_price|unknown_availability|missing_dimensions,,,,,
IKEA Saudi Arabia,IKEA,,"TARVA Bed frame, pine, 140x200 cm",bedroom,899.292.32,https://www.ikea.com/sa/en/p/tarva-bed-frame-pine-s89929232/,56,missing_price|unknown_availability|missing_dimensions,,,,,
IKEA Saudi Arabia,IKEA,,"BJÖRKSNÄS Bed frame, birch/birch veneer/Luröy, 140x200 cm",bedroom,195.016.86,https://www.ikea.com/sa/en/p/bjoerksnaes-bed-frame-birch-birch-veneer-luroey-s19501686/,56,missing_price|unknown_availability|missing_dimensions,,,,,
IKEA Saudi Arabia,IKEA,,"DANDERYD Dining table, white, 130x80 cm",dining room,405.687.26,https://www.ikea.com/sa/en/p/danderyd-dining-table-white-40568726/,56,missing_price|unknown_availability|missing_dimensions,,,,,
IKEA Saudi Arabia,IKEA,,"DANDERYD Dining table, oak veneer/white, 130x80 cm",dining room,104.638.58,https://www.ikea.com/sa/en/p/danderyd-dining-table-oak-veneer-white-10463858/,56,missing_price|unknown_availability|missing_dimensions,,,,,
IKEA Saudi Arabia,IKEA,,"KRYLBO Chair, Tonerud dark beige",dining room,605.667.45,https://www.ikea.com/sa/en/p/krylbo-chair-tonerud-dark-beige-60566745/,56,missing_price|unknown_availability|missing_dimensions,,,,,
IKEA Saudi Arabia,IKEA,,"TYSSEDAL Bed frame, white, 160x200 cm",bedroom,590.577.30,https://www.ikea.com/sa/en/p/tyssedal-bed-frame-white-s59057730/,56,missing_price|unknown_availability|missing_dimensions,,,,,
IKEA Saudi Arabia,IKEA,,"PAX / FORSAND Wardrobe, white/white, 250x60x201 cm",bedroom,095.027.28,https://www.ikea.com/sa/en/p/pax-forsand-wardrobe-white-white-s09502728/,56,missing_price|unknown_availability|missing_dimensions,,,,,
IKEA Saudi Arabia,IKEA,,"SANDSBERG Table, black, 110x67 cm",dining room,294.203.93,https://www.ikea.com/sa/en/p/sandsberg-table-black-s29420393/,56,missing_price|unknown_availability|missing_dimensions,,,,,
IKEA Saudi Arabia,IKEA,,"SANDSBERG Table, black, 67x67 cm",dining room,594.204.00,https://www.ikea.com/sa/en/p/sandsberg-table-black-s59420400/,56,missing_price|unknown_availability|missing_dimensions,,,,,
IKEA Saudi Arabia,IKEA,,"ÅLHULT Table, beige/brown, 80x74 cm",dining room,205.979.18,https://www.ikea.com/sa/en/p/alhult-table-beige-brown-20597918/,56,missing_price|unknown_availability|missing_dimensions,,,,,
IKEA Saudi Arabia,IKEA,,"ÅLHULT Table, black/brown, 80x74 cm",dining room,706.007.96,https://www.ikea.com/sa/en/p/alhult-table-black-brown-70600796/,56,missing_price|unknown_availability|missing_dimensions,,,,,
IKEA Saudi Arabia,IKEA,,"SKANSNÄS Extendable table, brown beech/veneer, 115/170 cm",dining room,705.632.37,https://www.ikea.com/sa/en/p/skansnaes-extendable-table-brown-beech-veneer-70563237/,56,missing_price|unknown_availability|missing_dimensions,,,,,
IKEA Saudi Arabia,IKEA,,"MÖRBYLÅNGA Table, oak veneer brown stained, 140x85 cm",dining room,503.862.45,https://www.ikea.com/sa/en/p/moerbylanga-table-oak-veneer-brown-stained-50386245/,56,missing_price|unknown_availability|missing_dimensions,,,,,
IKEA Saudi Arabia,IKEA,,"DANDERYD Dining table, pine veneer/black, 130x80 cm",dining room,604.431.46,https://www.ikea.com/sa/en/p/danderyd-dining-table-pine-veneer-black-60443146/,56,missing_price|unknown_availability|missing_dimensions,,,,,
IKEA Saudi Arabia,IKEA,,"ROSENTORP Extendable table, white, 110/155 cm",dining room,805.682.39,https://www.ikea.com/sa/en/p/rosentorp-extendable-table-white-80568239/,56,missing_price|unknown_availability|missing_dimensions,,,,,
IKEA Saudi Arabia,IKEA,,"ROSENTORP Extendable table, black, 110/155 cm",dining room,605.682.64,https://www.ikea.com/sa/en/p/rosentorp-extendable-table-black-60568264/,56,missing_price|unknown_availability|missing_dimensions,,,,,
IKEA Saudi Arabia,IKEA,,"TONSTAD Table, brown stained oak veneer, 150x80 cm",dining room,405.999.40,https://www.ikea.com/sa/en/p/tonstad-table-brown-stained-oak-veneer-40599940/,56,missing_price|unknown_availability|missing_dimensions,,,,,
IKEA Saudi Arabia,IKEA,,"TONSTAD Table, off-white, 150x80 cm",dining room,605.999.39,https://www.ikea.com/sa/en/p/tonstad-table-off-white-60599939/,56,missing_price|unknown_availability|missing_dimensions,,,,,
IKEA Saudi Arabia,IKEA,,"VIHALS Table, white/white, 125x74 cm",dining room,395.785.09,https://www.ikea.com/sa/en/p/vihals-table-white-white-s39578509/,56,missing_price|unknown_availability|missing_dimensions,,,,,
IKEA Saudi Arabia,IKEA,,"VIHALS Table, green/green, 125x74 cm",dining room,195.785.10,https://www.ikea.com/sa/en/p/vihals-table-green-green-s19578510/,56,missing_price|unknown_availability|missing_dimensions,,,,,
IKEA Saudi Arabia,IKEA,,"VIHALS Table, white/green, 125x74 cm",dining room,795.785.12,https://www.ikea.com/sa/en/p/vihals-table-white-green-s79578512/,56,missing_price|unknown_availability|missing_dimensions,,,,,
IKEA Saudi Arabia,IKEA,,"VIHALS Table, green/white, 125x74 cm",dining room,995.785.11,https://www.ikea.com/sa/en/p/vihals-table-green-white-s99578511/,56,missing_price|unknown_availability|missing_dimensions,,,,,
IKEA Saudi Arabia,IKEA,,"ÅLHULT Table, black/brown, 120x80 cm",dining room,406.007.93,https://www.ikea.com/sa/en/p/alhult-table-black-brown-40600793/,56,missing_price|unknown_availability|missing_dimensions,,,,,
IKEA Saudi Arabia,IKEA,,"ÅLHULT Table, beige/brown, 120x80 cm",dining room,005.979.19,https://www.ikea.com/sa/en/p/alhult-table-beige-brown-00597919/,56,missing_price|unknown_availability|missing_dimensions,,,,,
IKEA Saudi Arabia,IKEA,,"ÅLHULT Extendable table, black/brown, 120/170x80 cm",dining room,206.007.89,https://www.ikea.com/sa/en/p/alhult-extendable-table-black-brown-20600789/,56,missing_price|unknown_availability|missing_dimensions,,,,,
IKEA Saudi Arabia,IKEA,,"ÅLHULT Extendable table, beige/brown, 120/170x80 cm",dining room,605.979.21,https://www.ikea.com/sa/en/p/alhult-extendable-table-beige-brown-60597921/,56,missing_price|unknown_availability|missing_dimensions,,,,,
IKEA Saudi Arabia,IKEA,,"PINNTORP Table, light brown stained/white stained pine, 125x75 cm",dining room,305.294.67,https://www.ikea.com/sa/en/p/pinntorp-table-light-brown-stained-white-stained-pine-30529467/,56,missing_price|unknown_availability|missing_dimensions,,,,,
IKEA Saudi Arabia,IKEA,,"LISABO Table, black/ash veneer, 140x78 cm",dining room,803.824.39,https://www.ikea.com/sa/en/p/lisabo-table-black-ash-veneer-80382439/,56,missing_price|unknown_availability|missing_dimensions,,,,,
IKEA Saudi Arabia,IKEA,,"LISABO Table, ash veneer, 140x78 cm",dining room,702.943.39,https://www.ikea.com/sa/en/p/lisabo-table-ash-veneer-70294339/,56,missing_price|unknown_availability|missing_dimensions,,,,,
IKEA Saudi Arabia,IKEA,,"SKOGSTA Dining table, acacia/black, 235x100 cm",dining room,704.192.64,https://www.ikea.com/sa/en/p/skogsta-dining-table-acacia-black-70419264/,56,missing_price|unknown_availability|missing_dimensions,,,,,
IKEA Saudi Arabia,IKEA,,"PINNTORP Gateleg table, light brown stained/white stained pine, 67/124x75 cm",dining room,705.294.65,https://www.ikea.com/sa/en/p/pinntorp-gateleg-table-light-brown-stained-white-stained-pine-70529465/,56,missing_price|unknown_availability|missing_dimensions,,,,,
IKEA Saudi Arabia,IKEA,,"BERGSHYTTAN Table, dark brown ash veneer, 240x93 cm",dining room,406.082.42,https://www.ikea.com/sa/en/p/bergshyttan-table-dark-brown-ash-veneer-40608242/,56,missing_price|unknown_availability|missing_dimensions,,,,,
IKEA Saudi Arabia,IKEA,,"ÅLHULT Table, black/brown, 170x80 cm",dining room,806.007.86,https://www.ikea.com/sa/en/p/alhult-table-black-brown-80600786/,56,missing_price|unknown_availability|missing_dimensions,,,,,
IKEA Saudi Arabia,IKEA,,"HAUGA Table, white/birch veneer, 118x74 cm",dining room,005.767.09,https://www.ikea.com/sa/en/p/hauga-table-white-birch-veneer-00576709/,56,missing_price|unknown_availability|missing_dimensions,,,,,
IKEA Saudi Arabia,IKEA,,"NORDKISA Bedside table, bamboo, 40x40 cm",bedroom,604.476.77,https://www.ikea.com/sa/en/p/nordkisa-bedside-table-bamboo-60447677/,56,missing_price|unknown_availability|missing_dimensions,,,,,
IKEA Saudi Arabia,IKEA,,"GILLERSBERG Bedside table, bamboo/white, 39x39x56 cm",bedroom,306.089.83,https://www.ikea.com/sa/en/p/gillersberg-bedside-table-bamboo-white-30608983/,56,missing_price|unknown_availability|missing_dimensions,,,,,
IKEA Saudi Arabia,IKEA,,"SONGESAND Bedside table, brown, 42x40 cm",bedroom,703.674.44,https://www.ikea.com/sa/en/p/songesand-bedside-table-brown-70367444/,56,missing_price|unknown_availability|missing_dimensions,,,,,
IKEA Saudi Arabia,IKEA,,"TONSTAD Bedside table, off-white, 40x40x59 cm",bedroom,805.100.07,https://www.ikea.com/sa/en/p/tonstad-bedside-table-off-white-80510007/,56,missing_price|unknown_availability|missing_dimensions,,,,,
IKEA Saudi Arabia,IKEA,,"TONSTAD Bedside table, brown stained oak veneer, 40x40x59 cm",bedroom,404.893.19,https://www.ikea.com/sa/en/p/tonstad-bedside-table-brown-stained-oak-veneer-40489319/,56,missing_price|unknown_availability|missing_dimensions,,,,,
IKEA Saudi Arabia,IKEA,,"NORDLI Chest of 2 drawers, white, 40x54 cm",bedroom,092.398.27,https://www.ikea.com/sa/en/p/nordli-chest-of-2-drawers-white-s09239827/,56,missing_price|unknown_availability|missing_dimensions,,,,,
IKEA Saudi Arabia,IKEA,,"MALM Chest of 2 drawers, black-brown, 40x55 cm",bedroom,001.033.43,https://www.ikea.com/sa/en/p/malm-chest-of-2-drawers-black-brown-00103343/,56,missing_price|unknown_availability|missing_dimensions,,,,,
IKEA Saudi Arabia,IKEA,,"MALM Chest of 2 drawers, white, 40x55 cm",bedroom,906.253.19,https://www.ikea.com/sa/en/p/malm-chest-of-2-drawers-white-90625319/,56,missing_price|unknown_availability|missing_dimensions,,,,,
IKEA Saudi Arabia,IKEA,,"HEMNES Chest of 2 drawers, white stain, 54x66 cm",bedroom,802.426.27,https://www.ikea.com/sa/en/p/hemnes-chest-of-2-drawers-white-stain-80242627/,56,missing_price|unknown_availability|missing_dimensions,,,,,
IKEA Saudi Arabia,IKEA,,"KULLEN Chest of 2 drawers, black-brown, 35x49 cm",bedroom,603.221.30,https://www.ikea.com/sa/en/p/kullen-chest-of-2-drawers-black-brown-60322130/,56,missing_price|unknown_availability|missing_dimensions,,,,,
IKEA Saudi Arabia,IKEA,,"BLÄSTÅSEN Bedside table, white, 50x37x76 cm",bedroom,005.950.67,https://www.ikea.com/sa/en/p/blaestasen-bedside-table-white-00595067/,56,missing_price|unknown_availability|missing_dimensions,,,,,
IKEA Saudi Arabia,IKEA,,"BLÄSTÅSEN Bedside table, black, 50x37x76 cm",bedroom,906.175.69,https://www.ikea.com/sa/en/p/blaestasen-bedside-table-black-90617569/,56,missing_price|unknown_availability|missing_dimensions,,,,,
IKEA Saudi Arabia,IKEA,,"HAUGA Bedside table, white, 40x36 cm",bedroom,004.889.63,https://www.ikea.com/sa/en/p/hauga-bedside-table-white-00488963/,56,missing_price|unknown_availability|missing_dimensions,,,,,
IKEA Saudi Arabia,IKEA,,"GULLABERG Bedside table with 1 drawer and shelf, grey, 53x43x69 cm",bedroom,605.617.43,https://www.ikea.com/sa/en/p/gullaberg-bedside-table-with-1-drawer-with-shelf-grey-60561743/,56,missing_price|unknown_availability|missing_dimensions,,,,,
IKEA Saudi Arabia,IKEA,,"GULLABERG Bedside table with 1 drawer and shelf, white, 53x43x69 cm",bedroom,205.617.40,https://www.ikea.com/sa/en/p/gullaberg-bedside-table-with-1-drawer-with-shelf-white-20561740/,56,missing_price|unknown_availability|missing_dimensions,,,,,
IKEA Saudi Arabia,IKEA,,"KULLEN Chest of 6 drawers, white, 140x40x72 cm",bedroom,903.092.45,https://www.ikea.com/sa/en/p/kullen-chest-of-6-drawers-white-90309245/,56,missing_price|unknown_availability|missing_dimensions,,,,,
IKEA Saudi Arabia,IKEA,,"IDANÄS Chest of 6 drawers, white, 162x95 cm",bedroom,104.587.10,https://www.ikea.com/sa/en/p/idanaes-chest-of-6-drawers-white-10458710/,56,missing_price|unknown_availability|missing_dimensions,,,,,
IKEA Saudi Arabia,IKEA,,"IDANÄS Chest of 6 drawers, dark brown stained, 162x95 cm",bedroom,304.587.14,https://www.ikea.com/sa/en/p/idanaes-chest-of-6-drawers-dark-brown-stained-30458714/,56,missing_price|unknown_availability|missing_dimensions,,,,,
IKEA Saudi Arabia,IKEA,,"KILBERGET Chest of 6 drawers, white, 144x78 cm",bedroom,206.099.16,https://www.ikea.com/sa/en/p/kilberget-chest-of-6-drawers-white-20609916/,56,missing_price|unknown_availability|missing_dimensions,,,,,
IKEA Saudi Arabia,IKEA,,"KULLEN Chest of 5 drawers, black-brown, 70x40x112 cm",bedroom,403.936.61,https://www.ikea.com/sa/en/p/kullen-chest-of-5-drawers-black-brown-40393661/,56,missing_price|unknown_availability|missing_dimensions,,,,,
IKEA Saudi Arabia,IKEA,,"GULLABERG Chest of 8 drawers, white, 168x48x100 cm",bedroom,206.099.02,https://www.ikea.com/sa/en/p/gullaberg-chest-of-8-drawers-white-20609902/,56,missing_price|unknown_availability|missing_dimensions,,,,,
IKEA Saudi Arabia,IKEA,,"GULLABERG Chest of 8 drawers, grey, 168x48x100 cm",bedroom,406.099.01,https://www.ikea.com/sa/en/p/gullaberg-chest-of-8-drawers-grey-40609901/,56,missing_price|unknown_availability|missing_dimensions,,,,,
IKEA Saudi Arabia,IKEA,,"HEMNES Chest of 8 drawers, grey stained, 160x96 cm",bedroom,303.924.69,https://www.ikea.com/sa/en/p/hemnes-chest-of-8-drawers-grey-stained-30392469/,56,missing_price|unknown_availability|missing_dimensions,,,,,
IKEA Saudi Arabia,IKEA,,"HEMNES Chest of 8 drawers, white stain, 160x96 cm",bedroom,102.392.80,https://www.ikea.com/sa/en/p/hemnes-chest-of-8-drawers-white-stain-10239280/,56,missing_price|unknown_availability|missing_dimensions,,,,,
IKEA Saudi Arabia,IKEA,,"STOREMOLLA Chest of 3 drawers, light grey-beige stained, 93x50x91 cm",bedroom,105.909.17,https://www.ikea.com/sa/en/p/storemolla-chest-of-3-drawers-light-grey-beige-stained-10590917/,56,missing_price|unknown_availability|missing_dimensions,,,,,
IKEA Saudi Arabia,IKEA,,"LASTARE Chest of 4 drawers, white, 80x42x100 cm",bedroom,605.993.50,https://www.ikea.com/sa/en/p/lastare-chest-of-4-drawers-white-60599350/,56,missing_price|unknown_availability|missing_dimensions,,,,,
IKEA Saudi Arabia,IKEA,,"MALM Chest of 3 drawers, white, 80x78 cm",bedroom,204.035.62,https://www.ikea.com/sa/en/p/malm-chest-of-3-drawers-white-20403562/,56,missing_price|unknown_availability|missing_dimensions,,,,,
IKEA Saudi Arabia,IKEA,,"MALM Chest of 3 drawers, black-brown, 80x78 cm",bedroom,204.035.57,https://www.ikea.com/sa/en/p/malm-chest-of-3-drawers-black-brown-20403557/,56,missing_price|unknown_availability|missing_dimensions,,,,,
IKEA Saudi Arabia,IKEA,,"HEMNES Chest of 3 drawers, white stain, 108x96 cm",bedroom,804.247.45,https://www.ikea.com/sa/en/p/hemnes-chest-of-3-drawers-white-stain-80424745/,56,missing_price|unknown_availability|missing_dimensions,,,,,
IKEA Saudi Arabia,IKEA,,"MALM Chest of 6 drawers, black-brown/mirror glass, 40x123 cm",bedroom,504.035.89,https://www.ikea.com/sa/en/p/malm-chest-of-6-drawers-black-brown-mirror-glass-50403589/,56,missing_price|unknown_availability|missing_dimensions,,,,,
Pan Home Saudi Arabia,Pan Home,,Capitonne 3 Seater Sofa,living room,032BWF1000249,https://www.panhomestores.com/ksa_en/capitonne-3-seater-sofa-032bwf1000249,56,missing_price|unknown_availability|missing_dimensions,,,,,
Pan Home Saudi Arabia,Pan Home,,Stome 3 Seater Sofa - Beige,living room,032BWF1000263,https://www.panhomestores.com/ksa_en/stome-3-seater-sofa-beige-032bwf1000263,56,missing_price|unknown_availability|missing_dimensions,,,,,
Pan Home Saudi Arabia,Pan Home,,Kingdom 3 Seater Sofa - Beige,living room,032BWF1000099,https://www.panhomestores.com/ksa_en/kingdom-3-seater-sofa-beige-035bwf1000099-parent,56,missing_price|unknown_availability|missing_dimensions,,,,,
Pan Home Saudi Arabia,Pan Home,,Teek 3 Seater Sofa - Grey,living room,032JXD2000139,https://www.panhomestores.com/ksa_en/teek-3-seater-sofa-grey-032jxd2000139-parent,56,missing_price|unknown_availability|missing_dimensions,,,,,
Pan Home Saudi Arabia,Pan Home,,Glue 3 Seater Sofa,living room,032BWF2000244,https://www.panhomestores.com/ksa_en/glue-3-seater-sofa-032bwf2000244,56,missing_price|unknown_availability|missing_dimensions,,,,,
Pan Home Saudi Arabia,Pan Home,,Shelon 2 Seater Sofa - Beige,living room,032MZS1000197,https://www.panhomestores.com/ksa_en/shelon-2-seater-sofa-beige-032mzs1000197-parent,56,missing_price|unknown_availability|missing_dimensions,,,,,
Pan Home Saudi Arabia,Pan Home,,Mover 3 Seater Sofa,living room,032JSN0800198,https://www.panhomestores.com/ksa_en/mover-3-seater-sofa-032jsn0800198-parent,56,missing_price|unknown_availability|missing_dimensions,,,,,
Pan Home Saudi Arabia,Pan Home,,Lilac 2 Seater Sofa,living room,032HSC8200021,https://www.panhomestores.com/ksa_en/lilac-2-seater-sofa-032hsc8200021-parent,56,missing_price|unknown_availability|missing_dimensions,,,,,
Pan Home Saudi Arabia,Pan Home,,Arros 3 Seater Sofa - Grey,living room,032AZA7000515,https://www.panhomestores.com/ksa_en/arros-3-seater-sofa-grey-032aza7000515-parent,56,missing_price|unknown_availability|missing_dimensions,,,,,
Pan Home Saudi Arabia,Pan Home,,Otic 3 Seater Sofa - Dark Blue,living room,032AZA1000512,https://www.panhomestores.com/ksa_en/otic-3-seater-sofa-dark-blue-032aza1000512-parent,56,missing_price|unknown_availability|missing_dimensions,,,,,
Pan Home Saudi Arabia,Pan Home,,Royalstar 3-Seater Sofa - Light Grey,living room,032AZA1000518,https://www.panhomestores.com/ksa_en/royalstar-3-seater-sofa-light-grey-032aza1000518-parent,56,missing_price|unknown_availability|missing_dimensions,,,,,
Pan Home Saudi Arabia,Pan Home,,Batleno 3 Seater Sofa - Dark Brown,living room,032JXD1000279,https://www.panhomestores.com/ksa_en/batleno-3-seater-sofa-dark-brown-032jxd1000279-parent,56,missing_price|unknown_availability|missing_dimensions,,,,,
Pan Home Saudi Arabia,Pan Home,,Niue 4 Seater Sofa - Light Grey,living room,032JXD8200243,https://www.panhomestores.com/ksa_en/niue-4-seater-sofa-light-grey-032jxd8200243-parent,56,missing_price|unknown_availability|missing_dimensions,,,,,
Pan Home Saudi Arabia,Pan Home,,Tokelau 3 Seater Sofa - Cream,living room,032JXD4800241,https://www.panhomestores.com/ksa_en/tokelau-3-seater-sofa-cream-032jxd4800241,56,missing_price|unknown_availability|missing_dimensions,,,,,
Pan Home Saudi Arabia,Pan Home,,Rainshade 3 Seater Sofa - Beige,living room,032MZS1000280,https://www.panhomestores.com/ksa_en/rainshade-3-seater-sofa-beige-032mzs1000280-parent,56,missing_price|unknown_availability|missing_dimensions,,,,,
Pan Home Saudi Arabia,Pan Home,,Nairnook 3 Seater Sofa - Beige,living room,032BWF1000362,https://www.panhomestores.com/ksa_en/nairnook-3-seater-sofa-beige-032bwf1000362-parent,56,missing_price|unknown_availability|missing_dimensions,,,,,
Pan Home Saudi Arabia,Pan Home,,Neospace 3 Seater Sofa - Beige,living room,032MZS1000292,https://www.panhomestores.com/ksa_en/neospace-3-seater-sofa-beige-032mzs1000292-parent,56,missing_price|unknown_availability|missing_dimensions,,,,,
Pan Home Saudi Arabia,Pan Home,,Ironwood 3 Seater Sofa - Beige,living room,032BWF1000357,https://www.panhomestores.com/ksa_en/ironwood-3-seater-sofa-beige-032bwf1000357,56,missing_price|unknown_availability|missing_dimensions,,,,,
Pan Home Saudi Arabia,Pan Home,,Vidar 3 Seater Sofa - Beige,living room,032CYB1000077,https://www.panhomestores.com/ksa_en/vidar-3-seater-sofa-beige-032cyb1000077,56,missing_price|unknown_availability|missing_dimensions,,,,,
Pan Home Saudi Arabia,Pan Home,,Verta 3 Seater Sofa - Beige,living room,032JXD1000301,https://www.panhomestores.com/ksa_en/verta-3-seater-sofa-beige-032jxd1000301-parent,56,missing_price|unknown_availability|missing_dimensions,,,,,
Pan Home Saudi Arabia,Pan Home,,Hustler Single Seater Sofa - Beige,living room,032MZS1000208,https://www.panhomestores.com/ksa_en/hustler-single-seater-sofa-beige-032mzs1000208-parent,56,missing_price|unknown_availability|missing_dimensions,,,,,
Pan Home Saudi Arabia,Pan Home,,Bloth 4 Seater Sofa - Grey,living room,032MZS2000182,https://www.panhomestores.com/ksa_en/bloth-4-seater-sofa-grey-032mzs2000182-parent,56,missing_price|unknown_availability|missing_dimensions,,,,,
Pan Home Saudi Arabia,Pan Home,,Etruscan 4 Seater Sofa - Beige,living room,032AAA1000043,https://www.panhomestores.com/ksa_en/etruscan-4-seater-sofa-beige-032aaa1000043-parent,56,missing_price|unknown_availability|missing_dimensions,,,,,
Pan Home Saudi Arabia,Pan Home,,Baskin 3 Seater Sofa - Grey,living room,032ZJC2000025,https://www.panhomestores.com/ksa_en/baskin-3-seater-sofa-grey-032zjc2000025-parent,56,missing_price|unknown_availability|missing_dimensions,,,,,
Pan Home Saudi Arabia,Pan Home,,Dozen 2 Seater Sofa,living room,032VCL1000024,https://www.panhomestores.com/ksa_en/dozen-2-seater-sofa-032vcl1000024-parent,56,missing_price|unknown_availability|missing_dimensions,,,,,
Pan Home Saudi Arabia,Pan Home,,Rocan 4 Seater Sofa - Beige,living room,032MZS1000175,https://www.panhomestores.com/ksa_en/rocan-4-seater-sofa-beige-032mzs1000175-parent,56,missing_price|unknown_availability|missing_dimensions,,,,,
Pan Home Saudi Arabia,Pan Home,,Shelob 2 Seater Sofa - Beige,living room,032MZS1000201,https://www.panhomestores.com/ksa_en/shelob-2-seater-sofa-beige-032mzs1000201-parent,56,missing_price|unknown_availability|missing_dimensions,,,,,
Pan Home Saudi Arabia,Pan Home,,Node 2 Seater Sofa - Beige,living room,032MZS1000237,https://www.panhomestores.com/ksa_en/node-2-seater-sofa-beige-032mzs1000237,56,missing_price|unknown_availability|missing_dimensions,,,,,
Pan Home Saudi Arabia,Pan Home,,Polo 2 Seater Sofa,living room,032GGN1000002,https://www.panhomestores.com/ksa_en/polo-2-seater-sofa-032ggn1000002-parent,56,missing_price|unknown_availability|missing_dimensions,,,,,
Pan Home Saudi Arabia,Pan Home,,Wiggleseat 2 Seater Sofa - Grey & White,living room,032MZS2000286,https://www.panhomestores.com/ksa_en/wiggleseat-2-seater-sofa-grey-white-032mzs2000286,56,missing_price|unknown_availability|missing_dimensions,,,,,
Pan Home Saudi Arabia,Pan Home,,Lyon Coffee Table Solid Wood - Natural,living room,041FHH0500002,https://www.panhomestores.com/ksa_en/lyon-coffee-table-solid-wood-natural-041fhh0500002,56,missing_price|unknown_availability|missing_dimensions,,,,,
Pan Home Saudi Arabia,Pan Home,,Orion Modular Coffee Table - Black/Walnut,living room,011BUNDLESSK15,https://www.panhomestores.com/ksa_en/orion-modular-coffee-table-leg-veneer-with-modular-coffee-table-top-black-walnut-011bundlessk15,56,missing_price|unknown_availability|missing_dimensions,,,,,
Pan Home Saudi Arabia,Pan Home,,Vault Coffee Table Set 1+2 - Gold,living room,041MHW2400018,https://www.panhomestores.com/ksa_en/vault-coffee-table-set-1-2-gold-041mhw2400018,56,missing_price|unknown_availability|missing_dimensions,,,,,
Pan Home Saudi Arabia,Pan Home,,Vernon Accent Chair,living room,033JSF1400012,https://www.panhomestores.com/ksa_en/vernon-accent-chair-033jsf1400012,56,missing_price|unknown_availability|missing_dimensions,,,,,
Pan Home Saudi Arabia,Pan Home,,Teles Coffee Table - Beige,living room,041MFG1000025,https://www.panhomestores.com/ksa_en/teles-coffee-table-beige-041mfg1000025,56,missing_price|unknown_availability|missing_dimensions,,,,,
Pan Home Saudi Arabia,Pan Home,,Adila 6 Seater Dining Table - Grey Black,dining room,023HRB2000056,https://www.panhomestores.com/ksa_en/adila-6-seater-dining-table-grey-black-023hrb2000056,56,missing_price|unknown_availability|missing_dimensions,,,,,
Pan Home Saudi Arabia,Pan Home,,Tallo High Back Office Chair with Massage - Black,home office,051NEL1800115,https://www.panhomestores.com/ksa_en/tallo-high-back-office-chair-with-massage-black-051nel1800115,56,missing_price|unknown_availability|missing_dimensions,,,,,
Pan Home Saudi Arabia,Pan Home,,Corien Accent Chair,living room,033AMY1700077,https://www.panhomestores.com/ksa_en/corien-accent-chair-033amy1700077,56,missing_price|unknown_availability|missing_dimensions,,,,,
Pan Home Saudi Arabia,Pan Home,,Risdon Coffee Table - Grey,living room,041ZDE0800050,https://www.panhomestores.com/ksa_en/risdon-coffee-table-grey-041zde0800050,56,missing_price|unknown_availability|missing_dimensions,,,,,
Pan Home Saudi Arabia,Pan Home,,Orion Modular 6-Seater Dining Table - Black/Black,dining room,011BUNDLESSK45,https://www.panhomestores.com/ksa_en/orion-modular-dining-table-leg-veneer-with-6-seater-dining-table-top-black-black-011bundlessk45,56,missing_price|unknown_availability|missing_dimensions,,,,,
Pan Home Saudi Arabia,Pan Home,,Spectra High Back Office Chair - Black,home office,051AGB1800007,https://www.panhomestores.com/ksa_en/spectra-high-back-office-chair-black-051agb1800007,56,missing_price|unknown_availability|missing_dimensions,,,,,
Pan Home Saudi Arabia,Pan Home,,Karpos Accent Chair,living room,033ALJ1000010,https://www.panhomestores.com/ksa_en/karpos-accent-chair-033alj0800008-parent,56,missing_price|unknown_availability|missing_dimensions,,,,,
Pan Home Saudi Arabia,Pan Home,,Milano 1+2 Coffee Table Set,living room,041XGD1900123,https://www.panhomestores.com/ksa_en/milano-1-2-coffee-table-set-041xgd1900123,56,missing_price|unknown_availability|missing_dimensions,,,,,
Pan Home Saudi Arabia,Pan Home,,Orion Modular 6-Seater Dining Table with Marble Top - Black/White,dining room,011BUNDLESSK41,https://www.panhomestores.com/ksa_en/orion-modular-dining-table-leg-veneer-with-6-seater-dining-table-marble-top-black-white-011bundlessk41,56,missing_price|unknown_availability|missing_dimensions,,,,,
Pan Home Saudi Arabia,Pan Home,,Ergoflex Medium Back Office Chair - Beige,home office,051UFC1800032,https://www.panhomestores.com/ksa_en/ergoflex-medium-back-office-chair-beige-051ufc1800032,56,missing_price|unknown_availability|missing_dimensions,,,,,
Pan Home Saudi Arabia,Pan Home,,Mood Accent Chair,living room,033ZXC1400012,https://www.panhomestores.com/ksa_en/mood-accent-chair-033zxc1400012-parent,56,missing_price|unknown_availability|missing_dimensions,,,,,
Pan Home Saudi Arabia,Pan Home,,Roblox Coffee Table and 2 End Tables Set - Beige,living room,041BWF1000266,https://www.panhomestores.com/ksa_en/roblox-coffee-table-2-end-table-set-beige-041bwf1000266,56,missing_price|unknown_availability|missing_dimensions,,,,,
Pan Home Saudi Arabia,Pan Home,,Bilbao 8 Seater Dining Table - Dark Brown,dining room,023KHF3000005,https://www.panhomestores.com/ksa_en/bilbao-8-seater-dining-table-solid-pine-oak-veneer-dark-brown-023khf3000005,56,missing_price|unknown_availability|missing_dimensions,,,,,
Pan Home Saudi Arabia,Pan Home,,Spinepro Medium Back Office Chair - Black,home office,051UFC1800035,https://www.panhomestores.com/ksa_en/spinepro-medium-back-office-chair-black-051ufc1800035,56,missing_price|unknown_availability|missing_dimensions,,,,,
Pan Home Saudi Arabia,Pan Home,,Opalyn Accent Chair - Beige,living room,033AON1000020,https://www.panhomestores.com/ksa_en/opalyn-accent-chair-beige-033aon1000020-parent,56,missing_price|unknown_availability|missing_dimensions,,,,,
Pan Home Saudi Arabia,Pan Home,,Kaci Lift Top Coffee Table - Natural White,living room,054FGW0500002,https://www.panhomestores.com/ksa_en/kaci-lift-top-coffee-table-natural-white-054fgw0500002,56,missing_price|unknown_availability|missing_dimensions,,,,,
Pan Home Saudi Arabia,Pan Home,,Nara 4 Seater Dining Table - Dark Brown,dining room,032LNJ3000013,https://www.panhomestores.com/ksa_en/nara-4-seater-dining-table-oak-veneer-dark-brown-032lnj3000013,56,missing_price|unknown_availability|missing_dimensions,,,,,
Pan Home Saudi Arabia,Pan Home,,Oslo Low Back Office Chair - Brown,home office,051LZY1900008,https://www.panhomestores.com/ksa_en/oslo-low-back-office-chair-brown-051lzy1900008,56,missing_price|unknown_availability|missing_dimensions,,,,,
Pan Home Saudi Arabia,Pan Home,,Grap Accent Chair - Brown,living room,033JSN1900256,https://www.panhomestores.com/ksa_en/grap-accent-chair-brown-033jsn1900256,56,missing_price|unknown_availability|missing_dimensions,,,,,
Pan Home Saudi Arabia,Pan Home,,Ciso Coffee Table Veneer - Grey Natural,living room,041PIV2000008,https://www.panhomestores.com/ksa_en/ciso-coffee-table-veneer-grey-natural-041piv2000008,56,missing_price|unknown_availability|missing_dimensions,,,,,
Pan Home Saudi Arabia,Pan Home,,Ankara V1 6 Seater Dining Table - White & Brown,dining room,023IFI0800072,https://www.panhomestores.com/ksa_en/ankara-v1-6-seater-dining-table-marble-white-brown-023ifi0800072,56,missing_price|unknown_availability|missing_dimensions,,,,,
Pan Home Saudi Arabia,Pan Home,,Luno High Back Office Chair - Black,home office,051LZY1800005,https://www.panhomestores.com/ksa_en/luno-high-back-office-chair-black-051lzy1800005,56,missing_price|unknown_availability|missing_dimensions,,,,,
Pan Home Saudi Arabia,Pan Home,,Kivo Accent Chair - Beige,living room,033MZS1000385,https://www.panhomestores.com/ksa_en/kivo-accent-chair-beige-033mzs1000385,56,missing_price|unknown_availability|missing_dimensions,,,,,
Pan Home Saudi Arabia,Pan Home,,Risdon Coffee Table - Natural,living room,041ZDE0500048,https://www.panhomestores.com/ksa_en/risdon-coffee-table-natural-041zde0500048,56,missing_price|unknown_availability|missing_dimensions,,,,,
Pan Home Saudi Arabia,Pan Home,,Karmila 4 Seater Dining Table - Natural,dining room,023BLJ0500074,https://www.panhomestores.com/ksa_en/karmila-4-seater-dining-table-solid-wood-natural-023blj0500074,56,missing_price|unknown_availability|missing_dimensions,,,,,
Pan Home Saudi Arabia,Pan Home,,Balance Medium Back Office Chair - Grey,home office,051LZY2000004,https://www.panhomestores.com/ksa_en/balance-medium-back-office-chair-grey-051lzy2000004,56,missing_price|unknown_availability|missing_dimensions,,,,,
Pan Home Saudi Arabia,Pan Home,,Fate Accent Chair - Orange,living room,033NGM1700042,https://www.panhomestores.com/ksa_en/fate-accent-chair-orange-033ngm1700042-parent,56,missing_price|unknown_availability|missing_dimensions,,,,,
Pan Home Saudi Arabia,Pan Home,,Almada 6 Seater Dining Table - White,dining room,023SFI0800230,https://www.panhomestores.com/ksa_en/almada-6-seater-dining-table-white-023sfi0800230,56,missing_price|unknown_availability|missing_dimensions,,,,,
Pan Home Saudi Arabia,Pan Home,,Tiller Office Chair - Grey,home office,051MCA2000003,https://www.panhomestores.com/ksa_en/tiller-office-chair-black-051mca1800002-parent,56,missing_price|unknown_availability|missing_dimensions,,,,,
Pan Home Saudi Arabia,Pan Home,,Jimmy Accent Chair,living room,033ZXC2000021,https://www.panhomestores.com/ksa_en/jimmy-accent-chair-033zxc2000021,56,missing_price|unknown_availability|missing_dimensions,,,,,
Pan Home Saudi Arabia,Pan Home,,Navath 8 Seater Dining Table - Brown & Black,dining room,023AGE1900001,https://www.panhomestores.com/ksa_en/navath-8-seater-dining-table-solid-wood-brown-black-023age1900001,56,missing_price|unknown_availability|missing_dimensions,,,,,
Pan Home Saudi Arabia,Pan Home,,Domnion Medium Back Office Chair - Black,home office,051LZY1800002,https://www.panhomestores.com/ksa_en/domnion-medium-back-office-chair-black-051lzy1800002,56,missing_price|unknown_availability|missing_dimensions,,,,,
Pan Home Saudi Arabia,Pan Home,,Kasbah E14 Table Lamp - White,lighting,181ATO9900272,https://www.panhomestores.com/ksa_en/kasbah-e14-table-lamp-d20x19cm-white-181ato9900272,56,missing_price|unknown_availability|missing_dimensions,,,,,
Pan Home Saudi Arabia,Pan Home,,Mermax E27 Marble Base Floor Lamp - Satin Brass/Green,lighting,181ATO9901215,https://www.panhomestores.com/ksa_en/mermax-e27-marble-base-floor-lamp-with-pull-switch-42x165cm-satin-brass-green-181ato9901215,56,missing_price|unknown_availability|missing_dimensions,,,,,
Pan Home Saudi Arabia,Pan Home,,Tripod E27 Table Lamp - Brown,lighting,181AIC9901877,https://www.panhomestores.com/ksa_en/tripod-e27-table-lamp-dia30x51cm-brown-181aic9901877,56,missing_price|unknown_availability|missing_dimensions,,,,,
Pan Home Saudi Arabia,Pan Home,,Cordoba E27 Floor Lamp - Gold,lighting,181PGI9900088,https://www.panhomestores.com/ksa_en/cordoba-e27-floor-lamp-25-4x15-7x129-5cm-gold-181pgi9900088,56,missing_price|unknown_availability|missing_dimensions,,,,,
Pan Home Saudi Arabia,Pan Home,,Erin E14 Table Lamp - White,lighting,181ATO9900268,https://www.panhomestores.com/ksa_en/erin-e14-table-lamp-d10x20cm-white-181ato9900268,56,missing_price|unknown_availability|missing_dimensions,,,,,
Pan Home Saudi Arabia,Pan Home,,Cerah E27 Abaca Floor Lamp - Natural,lighting,181PLC9900037,https://www.panhomestores.com/ksa_en/cerah-e27-abaca-floor-lamp-dia-45x153cm-natural-181plc9900037,56,missing_price|unknown_availability|missing_dimensions,,,,,
Pan Home Saudi Arabia,Pan Home,,Glaze E27 Table Lamp - Gold,lighting,181ATO9900143,https://www.panhomestores.com/ksa_en/glaze-e27-table-lamp-23x15x29cm-gold-181ato9900143,56,missing_price|unknown_availability|missing_dimensions,,,,,
Pan Home Saudi Arabia,Pan Home,,Salerno Sideboard with 2 Doors and 3 Drawers - Natural & Silver,dining room,025EIE0500008,https://www.panhomestores.com/ksa_en/salerno-sideboard-with-2-door-3-drawer-solid-wood-natural-silver-025eie0500008,56,missing_price|unknown_availability|missing_dimensions,,,,,
Pan Home Saudi Arabia,Pan Home,,Boska End Table - Grey Silver,living room,041JCT2000035,https://www.panhomestores.com/ksa_en/boska-end-table-grey-silver-041jct2000035,56,missing_price|unknown_availability|missing_dimensions,,,,,
Pan Home Saudi Arabia,Pan Home,,Azulite Sideboard with Mirror - Beige,dining room,025AAM1000091,https://www.panhomestores.com/ksa_en/azulite-sideboard-with-mirror-beige-025aam1000091,56,missing_price|unknown_availability|missing_dimensions,,,,,
Pan Home Saudi Arabia,Pan Home,,Novaglow 5-Lights Floor Lamp - Smoke Grey,lighting,181AIC9902460,https://www.panhomestores.com/ksa_en/novaglow-5-lights-e-14-floor-lamp-160x80x200cm-smoke-grey-181aic9902460,56,missing_price|unknown_availability|missing_dimensions,,,,,
Pan Home Saudi Arabia,Pan Home,,Keerby End Table Veneer - Black Grey,living room,041SSK1800125,https://www.panhomestores.com/ksa_en/keerby-end-table-veneer-black-grey-041ssk1800125,56,missing_price|unknown_availability|missing_dimensions,,,,,
Pan Home Saudi Arabia,Pan Home,,Starlock Sideboard with 3 Drawers and 1 Door - White,dining room,025CMR0800374,https://www.panhomestores.com/ksa_en/starlock-sideboard-with-3-drawer-1-door-white-025cmr0800374,56,missing_price|unknown_availability|missing_dimensions,,,,,
Pan Home Saudi Arabia,Pan Home,,Gerra Accent Table Marble - White Gold,living room,041TRL2400066,https://www.panhomestores.com/ksa_en/gerra-accent-table-marble-white-gold-041trl2400066,56,missing_price|unknown_availability|missing_dimensions,,,,,
Pan Home Saudi Arabia,Pan Home,,Ruwa Sideboard with 3 Doors - Natural Black,dining room,025JLV0500079,https://www.panhomestores.com/ksa_en/ruwa-sideboard-with-3-door-natural-black-025jlv0500079,56,missing_price|unknown_availability|missing_dimensions,,,,,
Pan Home Saudi Arabia,Pan Home,,Kenzie E27 Polyresin Floor Lamp - Black,lighting,181HEL9900475,https://www.panhomestores.com/ksa_en/kenzie-e27-polyresin-floor-lamp-68-5x68-5x169cm-black-181hel9900475,56,missing_price|unknown_availability|missing_dimensions,,,,,
Pan Home Saudi Arabia,Pan Home,,Dilon E27 Table Lamp - Natural,lighting,251HRN9900028,https://www.panhomestores.com/ksa_en/dilon-e27-table-lamp-d28x43cm-natural-251hrn9900028,56,missing_price|unknown_availability|missing_dimensions,,,,,
Pan Home Saudi Arabia,Pan Home,,Kevin E27 Floor Lamp - Natural,lighting,181ATO9900128,https://www.panhomestores.com/ksa_en/kevin-e27-floor-lamp-43x43x160cm-natural-181ato9900128,56,missing_price|unknown_availability|missing_dimensions,,,,,
Pan Home Saudi Arabia,Pan Home,,Nottingham Table Lamp - Gold & Black,lighting,181PGI9900056,https://www.panhomestores.com/ksa_en/nottingham-table-lamp-dia-14x45cm-gold-black-181pgi9900056,56,missing_price|unknown_availability|missing_dimensions,,,,,
Pan Home Saudi Arabia,Pan Home,,Alicante Sideboard with 4 Doors - Natural,dining room,025SQH0500043,https://www.panhomestores.com/ksa_en/alicante-sideboard-with-4-door-veneer-natural-025sqh0500043,56,missing_price|unknown_availability|missing_dimensions,,,,,
Pan Home Saudi Arabia,Pan Home,,Salamis Floor Lamp - Brown,lighting,046FCF1900032,https://www.panhomestores.com/ksa_en/salamis-floor-lamp-brown-046fcf1900032,56,missing_price|unknown_availability|missing_dimensions,,,,,
Pan Home Saudi Arabia,Pan Home,,Janice Sideboard with 2 Doors and 2 Drawers - Beige & Brown,dining room,025LWC1000028,https://www.panhomestores.com/ksa_en/janice-sideboard-with-2-door-2-drawer-ceramic-beige-brown-025lwc1000028,56,missing_price|unknown_availability|missing_dimensions,,,,,
Pan Home Saudi Arabia,Pan Home,,Mabli 2-Light Floor Lamp - Black,lighting,181ATO9900350,https://www.panhomestores.com/ksa_en/mabli-2-light-floor-lamp-24x24x178cm-black-181ato9900350,56,missing_price|unknown_availability|missing_dimensions,,,,,
Pan Home Saudi Arabia,Pan Home,,EVANS 8 Seater Dining Table Travertine - Beige & Dark Brown,dining room,023GPF1000004,https://www.panhomestores.com/ksa_en/evans-8-seater-dining-table-travertine-beige-dark-brown-023gpf1000004-parent,56,missing_price|unknown_availability|missing_dimensions,,,,,
Pan Home Saudi Arabia,Pan Home,,ELYA 4 Seater Dining Table Marble - White,dining room,023VCN0800050,https://www.panhomestores.com/ksa_en/elya-4-seater-dining-table-marble-white-023vcn0800050-parent,56,missing_price|unknown_availability|missing_dimensions,,,,,
Pan Home Saudi Arabia,Pan Home,,SOVANTI 8-Seater Dining Table - Beige,dining room,023AAM1000103,https://www.panhomestores.com/ksa_en/sovanti-8-seater-dining-table-beige-023aam1000103-parent,56,missing_price|unknown_availability|missing_dimensions,,,,,
Pan Home Saudi Arabia,Pan Home,,ORAYA 8-Seater Dining Table - Dark Brown & Beige,dining room,023DAT7000017,https://www.panhomestores.com/ksa_en/oraya-8-seater-dining-table-dark-brown-beige-023dat7000017,56,missing_price|unknown_availability|missing_dimensions,,,,,
Pan Home Saudi Arabia,Pan Home,,EDRON 8 Seater Dining Table Marble - White & Beige,dining room,023AAM0800028,https://www.panhomestores.com/ksa_en/edron-8-seater-dining-table-marble-white-beige-023aam0800028,56,missing_price|unknown_availability|missing_dimensions,,,,,
Pan Home Saudi Arabia,Pan Home,,HARPER 8 Seater Dining Table Wood - Brown,dining room,023JTI1900085,https://www.panhomestores.com/ksa_en/harper-8-seater-dining-table-wood-brown-023jti1900085-parent,56,missing_price|unknown_availability|missing_dimensions,,,,,
Pan Home Saudi Arabia,Pan Home,,STYLEE 8 Seater Dining Table Marble - Light Brown & Dark Brown,dining room,023THT0800048,https://www.panhomestores.com/ksa_en/stylee-8-seater-dining-table-marble-light-brown-dark-brown-023tht0800048,56,missing_price|unknown_availability|missing_dimensions,,,,,
Pan Home Saudi Arabia,Pan Home,,EVONNE 8 Seater Dining Table Marble - White Black,dining room,023AOF0800005,https://www.panhomestores.com/ksa_en/evonne-8-seater-dining-table-marble-white-black-023aof0800005,56,missing_price|unknown_availability|missing_dimensions,,,,,
Pan Home Saudi Arabia,Pan Home,,TIAMO 8 Seater Dining Table Oval Veneer - Dark Brown,dining room,023LNJ3000023,https://www.panhomestores.com/ksa_en/tiamo-8-seater-dining-table-oval-veneer-dark-brown-023lnj3000023,56,missing_price|unknown_availability|missing_dimensions,,,,,
Pan Home Saudi Arabia,Pan Home,,SICILY 6 Seater Dining Table Round Marble - Beige Brown,dining room,023DFG1000005,https://www.panhomestores.com/ksa_en/sicily-6-seater-dining-table-round-marble-beige-brown-023dfg1000005-parent,56,missing_price|unknown_availability|missing_dimensions,,,,,
Pan Home Saudi Arabia,Pan Home,,SCEPTER 4 Seater Round Dining Table Marble - Brown,dining room,023SWV1900004,https://www.panhomestores.com/ksa_en/scepter-4-seater-round-dining-table-marble-brown-023swv1900004,56,missing_price|unknown_availability|missing_dimensions,,,,,
Pan Home Saudi Arabia,Pan Home,,ALINA 6 Seater Round Dining Table Marble - Beige Dark Brown,dining room,023VCN1000019,https://www.panhomestores.com/ksa_en/alina-6-seater-round-dining-table-marble-beige-dark-brown-023vcn1000019,56,missing_price|unknown_availability|missing_dimensions,,,,,
Pan Home Saudi Arabia,Pan Home,,KIRA 6 Seater Dining Table Marble - Beige Brown,dining room,023VCN1000012,https://www.panhomestores.com/ksa_en/kira-6-seater-dining-table-marble-beige-brown-023vcn1000012,56,missing_price|unknown_availability|missing_dimensions,,,,,
Pan Home Saudi Arabia,Pan Home,,SHEROD 8 Seater Dining Table Veneer - Charcoal & Black,dining room,023GPF3700037,https://www.panhomestores.com/ksa_en/sherod-8-seater-dining-table-veneer-charcoal-black-023gpf3700037,56,missing_price|unknown_availability|missing_dimensions,,,,,
Pan Home Saudi Arabia,Pan Home,,SONORA 8 Seater Dining Table Marble - Brown Gold,dining room,023SSK1900135,https://www.panhomestores.com/ksa_en/sonora-8-seater-dining-table-marble-brown-gold-023ssk1900135-parent,56,missing_price|unknown_availability|missing_dimensions,,,,,
Pan Home Saudi Arabia,Pan Home,,ANOUK 6 Seater Dining Table - Dark Brown,dining room,023DAT3000030,https://www.panhomestores.com/ksa_en/anouk-6-seater-dining-table-dark-brown-023dat3000030,56,missing_price|unknown_availability|missing_dimensions,,,,,
Pan Home Saudi Arabia,Pan Home,,PAVEL 8 Seater Dining Table Travertine - Beige Brown,dining room,023VCN1000021,https://www.panhomestores.com/ksa_en/pavel-8-seater-dining-table-travertine-beige-brown-023vcn1000021,56,missing_price|unknown_availability|missing_dimensions,,,,,
Pan Home Saudi Arabia,Pan Home,,NODREA 1+6 Seater Marble Dining Set with Darl Chairs - White & Gold,dining room,021BUNDLE117,https://www.panhomestores.com/ksa_en/nodrea-1-6-seater-marble-dining-set-with-darl-dining-chair-package-white-and-gold-021bundle117,56,missing_price|unknown_availability|missing_dimensions,,,,,
Pan Home Saudi Arabia,Pan Home,,ATRISSA 1+8 Seater Dining Set with Dover Chairs,dining room,011BUNDLE1230,https://www.panhomestores.com/ksa_en/atrissa-1-8-seater-dining-set-with-dover-chairs-package-011bundle1230,56,missing_price|unknown_availability|missing_dimensions,,,,,
Pan Home Saudi Arabia,Pan Home,,OKRA E27 Floor Lamp - Natural,lighting,181ATO9900132,https://www.panhomestores.com/ksa_en/okra-e27-floor-lamp-43x160cm-natural-181ato9900132,56,missing_price|unknown_availability|missing_dimensions,,,,,
Pan Home Saudi Arabia,Pan Home,,CUSTA E27 Polyresin Floor Lamp - White,lighting,181ATO9901032,https://www.panhomestores.com/ksa_en/custa-e27-polyresin-floor-lamp-dia-30x152cm-white-181ato9901032,56,missing_price|unknown_availability|missing_dimensions,,,,,
Pan Home Saudi Arabia,Pan Home,,ALBUS 2-Light E27 Floor Lamp - Natural,lighting,181AIC9901727,https://www.panhomestores.com/ksa_en/albus-2-light-e27-floor-lamp-27x27x150-5cm-natural-181aic9901727,56,missing_price|unknown_availability|missing_dimensions,,,,,
Pan Home Saudi Arabia,Pan Home,,MARIBEL E27 Floor Lamp - Brass,lighting,181AIC9900379,https://www.panhomestores.com/ksa_en/maribel-e27-floor-lamp-d40x160cm-brass-181aic9900379,56,missing_price|unknown_availability|missing_dimensions,,,,,
Pan Home Saudi Arabia,Pan Home,,ACCENT Sculpted LED Resin Floor Lamp - Black,lighting,181ATO9900808,https://www.panhomestores.com/ksa_en/accent-sculpted-led-resin-floor-lamp-65x180cm-black-181ato9900808,56,missing_price|unknown_availability|missing_dimensions,,,,,
Pan Home Saudi Arabia,Pan Home,,MELVIN E27 Floor Lamp - Black,lighting,181ATO9900127,https://www.panhomestores.com/ksa_en/melvin-e27-floor-lamp-67x150cm-black-181ato9900127,56,missing_price|unknown_availability|missing_dimensions,,,,,
Pan Home Saudi Arabia,Pan Home,,THYRON E27 Polyresin Floor Lamp - Black,lighting,181HEL9900343,https://www.panhomestores.com/ksa_en/thyron-e27-polyresin-floor-lamp-dia-54x54x174cm-black-181hel9900343,56,missing_price|unknown_availability|missing_dimensions,,,,,
Pan Home Saudi Arabia,Pan Home,,CHELLSY E27 Polyresin Floor Lamp - Black,lighting,181HEL9900344,https://www.panhomestores.com/ksa_en/chellsy-e27-polyresin-floor-lamp-61x61x185-5cm-black-181hel9900344,56,missing_price|unknown_availability|missing_dimensions,,,,,
Pan Home Saudi Arabia,Pan Home,,KHALEYA 2-Light E27 Floor Lamp - Brown,lighting,181AIC9902483,https://www.panhomestores.com/ksa_en/khaleya-2-lights-e-27-floor-lamp-dia-30x135cm-brown-181aic9902483,56,missing_price|unknown_availability|missing_dimensions,,,,,
Pan Home Saudi Arabia,Pan Home,,HUDSON Arc E27 Floor Lamp - Black,lighting,181ATO9900247,https://www.panhomestores.com/ksa_en/hudson-arc-e27-floor-lamp-dia-32x145cm-black-181ato9900247,56,missing_price|unknown_availability|missing_dimensions,,,,,
Pan Home Saudi Arabia,Pan Home,,TRIPOD E27 Wooden Floor Lamp - Brushed Gold,lighting,181UCH9900039,https://www.panhomestores.com/ksa_en/tripod-e27-wooden-floor-lamp-dia-45x157-5cm-brushed-gold-181uch9900039,56,missing_price|unknown_availability|missing_dimensions,,,,,
Pan Home Saudi Arabia,Pan Home,,OPULENT Massage Chair - Beige,living room,033FWL2500005,https://www.panhomestores.com/ksa_en/opulent-massage-chair-with-4d-massage-mechanism-and-in-built-bluetooth-speaker-back-healing-beige-033fwl2500005,56,missing_price|unknown_availability|missing_dimensions,,,,,
Pan Home Saudi Arabia,Pan Home,,BALANCE-SEAT Lounge Chair - Beige,living room,033WSK1000004,https://www.panhomestores.com/ksa_en/balance-seat-lounge-chair-beige-033wsk1000004,56,missing_price|unknown_availability|missing_dimensions,,,,,
Pan Home Saudi Arabia,Pan Home,,AURELIA Massage Chair - Beige,living room,033FWL0800003,https://www.panhomestores.com/ksa_en/aurelia-massage-chair-with-3d-massage-mechanism-and-in-built-bluetooth-speaker-back-healing-beige-033fwl0800003,56,missing_price|unknown_availability|missing_dimensions,,,,,
Pan Home Saudi Arabia,Pan Home,,ELYSIUM Massage Chair - Beige,living room,033FWL2500004,https://www.panhomestores.com/ksa_en/elysium-massage-chair-with-3d-massage-mechanism-and-in-built-bluetooth-speaker-back-healing-beige-033fwl2500004,56,missing_price|unknown_availability|missing_dimensions,,,,,
Pan Home Saudi Arabia,Pan Home,,OLAN Swivel Accent Chair - Light Brown,living room,033CYB1400081,https://www.panhomestores.com/ksa_en/olan-accent-chair-swivel-light-brown-033cyb1400081-parent,56,missing_price|unknown_availability|missing_dimensions,,,,,
Pan Home Saudi Arabia,Pan Home,,BOTOM Accent Chair - White,living room,033JSN0800252,https://www.panhomestores.com/ksa_en/botom-accent-chair-white-033jsn0800252,56,missing_price|unknown_availability|missing_dimensions,,,,,
Pan Home Saudi Arabia,Pan Home,,AMORE Accent Chair with Ottoman - Beige,living room,033ZXC1000030,https://www.panhomestores.com/ksa_en/amore-accent-chair-with-ottoman-beige-033zxc1000030-parent,56,missing_price|unknown_availability|missing_dimensions,,,,,
Pan Home Saudi Arabia,Pan Home,,ELDON Accent Chair - Grey,living room,033AMY2000095,https://www.panhomestores.com/ksa_en/eldon-accent-chair-033amy2000095,56,missing_price|unknown_availability|missing_dimensions,,,,,
Pan Home Saudi Arabia,Pan Home,,ELDON Accent Chair - White,living room,033AMY0800094,https://www.panhomestores.com/ksa_en/eldon-accent-chair-033amy0800094,56,missing_price|unknown_availability|missing_dimensions,,,,,
Pan Home Saudi Arabia,Pan Home,,KARPOS Accent Chair - Black,living room,033ALJ1800007,https://www.panhomestores.com/ksa_en/karpos-accent-chair-black-033alj1800007,56,missing_price|unknown_availability|missing_dimensions,,,,,
Pan Home Saudi Arabia,Pan Home,,ASKIM Accent Chair - Brown,living room,033ZXC1900004,https://www.panhomestores.com/ksa_en/askim-accent-chair-brown-033zxc1900004,56,missing_price|unknown_availability|missing_dimensions,,,,,
Pan Home Saudi Arabia,Pan Home,,LAMY Accent Chair with Ottoman,living room,033ZXC1900009,https://www.panhomestores.com/ksa_en/lamy-accent-chair-ottoman-033zxc1900009,56,missing_price|unknown_availability|missing_dimensions,,,,,
Pan Home Saudi Arabia,Pan Home,,KARPOS Accent Chair - White,living room,033ALJ0800014,https://www.panhomestores.com/ksa_en/karpos-accent-chair-white-033alj0800014,56,missing_price|unknown_availability|missing_dimensions,,,,,
Pan Home Saudi Arabia,Pan Home,,KARPOS Accent Chair - Zebra,living room,033ALJ5800017,https://www.panhomestores.com/ksa_en/karpos-accent-chair-zebra-033alj5800017-parent,56,missing_price|unknown_availability|missing_dimensions,,,,,
Pan Home Saudi Arabia,Pan Home,,KARPOS Accent Chair - Grey,living room,033ALJ2000015,https://www.panhomestores.com/ksa_en/karpos-accent-chair-grey-033alj2000015,56,missing_price|unknown_availability|missing_dimensions,,,,,
Pan Home Saudi Arabia,Pan Home,,AYLIN Accent Chair - Beige,living room,033JXH1000034,https://www.panhomestores.com/ksa_en/aylin-accent-chair-beige-033jxh1000034-parent,56,missing_price|unknown_availability|missing_dimensions,,,,,
Pan Home Saudi Arabia,Pan Home,,PRECY E27 Rattan Floor Lamp - Natural,lighting,181AIC9902456,https://www.panhomestores.com/ksa_en/precy-e-27-rattan-floor-lamp-29x29x134cm-natural-181aic9902456,56,missing_price|unknown_availability|missing_dimensions,,,,,
Pan Home Saudi Arabia,Pan Home,,SHINGO E27 Floor Lamp - Natural,lighting,181ATO9900130,https://www.panhomestores.com/ksa_en/shingo-e27-floor-lamp-28x120cm-natural-181ato9900130,56,missing_price|unknown_availability|missing_dimensions,,,,,
Pan Home Saudi Arabia,Pan Home,,DONCHIC E27 Abaca Floor Lamp - Natural,lighting,181AIC9902457,https://www.panhomestores.com/ksa_en/donchic-e-27-abaca-floor-lamp-29x29x134cm-natural-181aic9902457,56,missing_price|unknown_availability|missing_dimensions,,,,,
Pan Home Saudi Arabia,Pan Home,,BEAMER E27 Arc Floor Lamp - Black,lighting,181AIC9902459,https://www.panhomestores.com/ksa_en/beamer-e-27-arc-floor-lamp-135x40x180cm-black-181aic9902459,56,missing_price|unknown_availability|missing_dimensions,,,,,
Pan Home Saudi Arabia,Pan Home,,COSMO 2-Light E27 Floor Lamp - Black,lighting,181AIC9901728,https://www.panhomestores.com/ksa_en/cosmo-2-light-e27-floor-lamp-30x120cm-black-181aic9901728,56,missing_price|unknown_availability|missing_dimensions,,,,,
Pan Home Saudi Arabia,Pan Home,,GALAXY 5-Light E14 Arc Floor Lamp - Satin Nickel,lighting,181AIC9904444,https://www.panhomestores.com/ksa_en/galaxy-5-light-e14-arc-floor-lamp-160x40x220cm-satin-nickel-181aic9904444,56,missing_price|unknown_availability|missing_dimensions,,,,,
Pan Home Saudi Arabia,Pan Home,,COTTER E27 Paper Rope Floor Lamp - Natural,lighting,181ATO9901218,https://www.panhomestores.com/ksa_en/cotter-e27-paper-rope-floor-lamp-27x118cm-natural-181ato9901218,56,missing_price|unknown_availability|missing_dimensions,,,,,
Pan Home Saudi Arabia,Pan Home,,BRAVADO E27 Polyresin Floor Lamp - Black,lighting,181ATO9901026,https://www.panhomestores.com/ksa_en/bravado-e27-polyresin-floor-lamp-dia-27x123cm-black-181ato9901026,56,missing_price|unknown_availability|missing_dimensions,,,,,
Pan Home Saudi Arabia,Pan Home,,COSTAN E27 Seagrass Floor Lamp - Natural,lighting,181AIC9904448,https://www.panhomestores.com/ksa_en/costan-e27-seagrass-floor-lamp-29x136cm-natural-181aic9904448,56,missing_price|unknown_availability|missing_dimensions,,,,,
Pan Home Saudi Arabia,Pan Home,,AMORE Accent Chair - Cream,living room,033ZXC4800003,https://www.panhomestores.com/ksa_en/amore-accent-chair-cream-033zxc4800003,56,missing_price|unknown_availability|missing_dimensions,,,,,
Pan Home Saudi Arabia,Pan Home,,SERGIO Accent Chair - White & Black,living room,024JLV2900282,https://www.panhomestores.com/ksa_en/sergio-accent-chair-white-black-024jlv2900282-parent,56,missing_price|unknown_availability|missing_dimensions,,,,,
Pan Home Saudi Arabia,Pan Home,,MORO Accent Chair,living room,033AUF1000008,https://www.panhomestores.com/ksa_en/moro-accent-chair-033auf1000008,56,missing_price|unknown_availability|missing_dimensions,,,,,
Pan Home Saudi Arabia,Pan Home,,MOOD Accent Chair - Grey,living room,033ZXC2000027,https://www.panhomestores.com/ksa_en/mood-accent-chair-grey-033zxc2000027,56,missing_price|unknown_availability|missing_dimensions,,,,,
Pan Home Saudi Arabia,Pan Home,,THOFFEY E27 Polyresin Floor Lamp - Black,lighting,181HEL9900345,https://www.panhomestores.com/ksa_en/thoffey-e27-polyresin-floor-lamp-48-5x48-5x161-5cm-black-181hel9900345,56,missing_price|unknown_availability|missing_dimensions,,,,,
Pan Home Saudi Arabia,Pan Home,,Willow Coffee Table Wood - Off White,living room,041JTI7000152,https://www.panhomestores.com/ksa_en/willow-coffee-table-wood-off-white-041jti7000152,56,missing_price|unknown_availability|missing_dimensions,,,,,
Pan Home Saudi Arabia,Pan Home,,Warren Sideboard with Mirror High Gloss - Light Grey,dining room,025YGA8200562,https://www.panhomestores.com/ksa_en/warren-sideboard-with-mirror-high-gloss-light-grey-025yga8200562,56,missing_price|unknown_availability|missing_dimensions,,,,,
Pan Home Saudi Arabia,Pan Home,,Hines Coffee Table Wood - White,living room,041JTI0800050,https://www.panhomestores.com/ksa_en/hines-coffee-table-wood-white-041jti0800050,56,missing_price|unknown_availability|missing_dimensions,,,,,
Pan Home Saudi Arabia,Pan Home,,Parsifal Coffee Table Wood - Brown,living room,041ANA1900007,https://www.panhomestores.com/ksa_en/parsifal-coffee-table-wood-brown-041ana1900007,56,missing_price|unknown_availability|missing_dimensions,,,,,
Pan Home Saudi Arabia,Pan Home,,Mirren Coffee Table with 2 Drawers - Light Brown & Black,living room,041MFE7300008,https://www.panhomestores.com/ksa_en/mirren-coffee-table-with-2-drawer-light-brown-black-041mfe7300008,56,missing_price|unknown_availability|missing_dimensions,,,,,
Pan Home Saudi Arabia,Pan Home,,Spiva Coffee Table Solid Wood Large - Natural,living room,041JTI0500292,https://www.panhomestores.com/ksa_en/spiva-coffee-table-solid-wood-large-natural-041jti0500292,56,missing_price|unknown_availability|missing_dimensions,,,,,
Pan Home Saudi Arabia,Pan Home,,Simona Sideboard with 4 Doors Ceramic - Black & Gold,dining room,025DSF1000025,https://www.panhomestores.com/ksa_en/simona-sideboard-with-4-door-ceramic-black-gold-025dsf1000025,56,missing_price|unknown_availability|missing_dimensions,,,,,
Pan Home Saudi Arabia,Pan Home,,Bonhila Sideboard with 4 Doors Veneer - Beige,dining room,025FHY1000093,https://www.panhomestores.com/ksa_en/bonhila-sideboard-with-4-door-veneer-beige-025fhy1000093,56,missing_price|unknown_availability|missing_dimensions,,,,,
Pan Home Saudi Arabia,Pan Home,,Pablo Coffee Table Set of 3 Concrete - Light Grey & Terracotta,living room,041TMP8200052,https://www.panhomestores.com/ksa_en/pablo-coffee-table-set-of-3-concrete-light-grey-terracotta-041tmp8200052,56,missing_price|unknown_availability|missing_dimensions,,,,,
Pan Home Saudi Arabia,Pan Home,,Merla Sideboard with 4 Doors Sintered Stone - Beige & Black,dining room,025BCE1000014,https://www.panhomestores.com/ksa_en/merla-sideboard-with-4-door-sintered-stone-beige-black-025bce1000014,56,missing_price|unknown_availability|missing_dimensions,,,,,
Pan Home Saudi Arabia,Pan Home,,Kira Coffee Table Marble - Beige & Brown,living room,041VCN1000010,https://www.panhomestores.com/ksa_en/kira-coffee-table-marble-beige-brown-041vcn1000010,56,missing_price|unknown_availability|missing_dimensions,,,,,
Pan Home Saudi Arabia,Pan Home,,Glanvill Coffee Table Set of 2 Round - Grey,living room,041ZDE0500055,https://www.panhomestores.com/ksa_en/glanvill-coffee-table-set-of-2-round-grey-041zde0500055,56,missing_price|unknown_availability|missing_dimensions,,,,,
Pan Home Saudi Arabia,Pan Home,,Venker Coffee Table Set of 2 Square - Natural,living room,041ZDE0800052,https://www.panhomestores.com/ksa_en/venker-coffee-table-set-of-2-square-natural-041zde0800052,56,missing_price|unknown_availability|missing_dimensions,,,,,
Pan Home Saudi Arabia,Pan Home,,Truman 1+2 Coffee Table Set Wood - Brown & Black,living room,041MEU1900001,https://www.panhomestores.com/ksa_en/truman-1-2-coffee-table-set-wood-brown-black-041meu1900001,56,missing_price|unknown_availability|missing_dimensions,,,,,
Pan Home Saudi Arabia,Pan Home,,Venker Coffee Table Set of 2 Square - Dark Grey,living room,041ZDE0500053,https://www.panhomestores.com/ksa_en/venker-coffee-table-set-of-2-square-brown-041zde0500053,56,missing_price|unknown_availability|missing_dimensions,,,,,
Pan Home Saudi Arabia,Pan Home,,Glory 1+2 Coffee Table Set Wood - Brown & Black,living room,041MEU1000003,https://www.panhomestores.com/ksa_en/glory-1-2-coffee-table-set-wood-brown-black-041meu1000003,56,missing_price|unknown_availability|missing_dimensions,,,,,
Pan Home Saudi Arabia,Pan Home,,Remeno Coffee Table Set 1+2 - Gold,living room,041HCT2400073,https://www.panhomestores.com/ksa_en/remeno-coffee-table-set-1-2-gold-041hct2400073,56,missing_price|unknown_availability|missing_dimensions,,,,,
Pan Home Saudi Arabia,Pan Home,,Nour 1+4 Coffee Table Set - Brown,living room,041XGD1900128,https://www.panhomestores.com/ksa_en/nour-1-4-coffee-table-set-brown-041xgd1900128,56,missing_price|unknown_availability|missing_dimensions,,,,,
Pan Home Saudi Arabia,Pan Home,,Tommaso Coffee Table Set of 2 Melamine - Natural & White,living room,041JLV0500124,https://www.panhomestores.com/ksa_en/tommaso-coffee-table-set-of-2-melamine-natural-white-041jlv0500124,56,missing_price|unknown_availability|missing_dimensions,,,,,
Pan Home Saudi Arabia,Pan Home,,Pyrus Coffee Table Glass - Gold,living room,041EDG2400029,https://www.panhomestores.com/ksa_en/pyrus-coffee-table-glass-gold-041edg2400029,56,missing_price|unknown_availability|missing_dimensions,,,,,
Pan Home Saudi Arabia,Pan Home,,Aero Coffee Table Wood - Black,living room,041ANA1800001,https://www.panhomestores.com/ksa_en/aero-coffee-table-wood-black-041ana1800001,56,missing_price|unknown_availability|missing_dimensions,,,,,
Pan Home Saudi Arabia,Pan Home,,Wingle Coffee Table Glass - Silver,living room,045TXI2500029,https://www.panhomestores.com/ksa_en/wingle-coffee-table-glass-silver-045txi2500029,56,missing_price|unknown_availability|missing_dimensions,,,,,
Pan Home Saudi Arabia,Pan Home,,Cardinal Coffee Table - Silver,living room,041EDG2500013,https://www.panhomestores.com/ksa_en/cardinal-coffee-table-silver-041edg2500013,56,missing_price|unknown_availability|missing_dimensions,,,,,
Pan Home Saudi Arabia,Pan Home,,Delta 3 Seater Sofa,living room,031NRM1400012,https://www.panhomestores.com/ksa_en/delta-3-seater-sofa-031nrm1400012,56,missing_price|unknown_availability|missing_dimensions,,,,,
Pan Home Saudi Arabia,Pan Home,,York Sectional Sofa,living room,035YLN2000115,https://www.panhomestores.com/ksa_en/york-sectional-sofa-035yln2000115,56,missing_price|unknown_availability|missing_dimensions,,,,,
Pan Home Saudi Arabia,Pan Home,,Chirag Sectional Sofa Set,living room,031SZI4800136,https://www.panhomestores.com/ksa_en/chirag-sectional-sofa-set-031szi4800136,56,missing_price|unknown_availability|missing_dimensions,,,,,
Pan Home Saudi Arabia,Pan Home,,Danietta Sectional Sofa,living room,031SPV2000008,https://www.panhomestores.com/ksa_en/danietta-sectional-sofa-031spv2000008,56,missing_price|unknown_availability|missing_dimensions,,,,,
Pan Home Saudi Arabia,Pan Home,,Quebec Sectional Sofa Cum Bed,living room,031MGA1000032,https://www.panhomestores.com/ksa_en/quebec-sectional-sofa-cum-bed-031mga1000032,56,missing_price|unknown_availability|missing_dimensions,,,,,
Pan Home Saudi Arabia,Pan Home,,Jumanji 4 Seater Sofa - Beige,living room,032HCT1000074,https://www.panhomestores.com/ksa_en/jumanji-4-seater-sofa-beige-032hct1000074-parent,56,missing_price|unknown_availability|missing_dimensions,,,,,
Pan Home Saudi Arabia,Pan Home,,Abbigail Nightstand with 2 Drawers - Light Grey,bedroom,013HKB8200009,https://www.panhomestores.com/ksa_en/abbigail-nightstand-with-2-drawer-light-grey-013hkb8200009,56,missing_price|unknown_availability|missing_dimensions,,,,,
Pan Home Saudi Arabia,Pan Home,,Napoli 1+2 Coffee Table Set - Brown,living room,041XGD1900121,https://www.panhomestores.com/ksa_en/napoli-1-2-coffee-table-set-brown-041xgd1900121,56,missing_price|unknown_availability|missing_dimensions,,,,,
Pan Home Saudi Arabia,Pan Home,,Sawyer Coffee Table Set of 2 Travertine - Natural & Black,living room,041LWC0500020,https://www.panhomestores.com/ksa_en/sawyer-coffee-table-set-of-2-travertine-natural-black-041lwc0500020,56,missing_price|unknown_availability|missing_dimensions,,,,,
Pan Home Saudi Arabia,Pan Home,,Hazar 1+2 Coffee Table Set,living room,041XGD1000119,https://www.panhomestores.com/ksa_en/hazar-1-2-coffee-table-set-041xgd1000119,56,missing_price|unknown_availability|missing_dimensions,,,,,
Pan Home Saudi Arabia,Pan Home,,Maddox Coffee Table Set of 2 Travertine - Natural & Brown,living room,041LWC0500021,https://www.panhomestores.com/ksa_en/maddox-coffee-table-set-of-2-travertine-natural-brown-041lwc0500021,56,missing_price|unknown_availability|missing_dimensions,,,,,
Pan Home Saudi Arabia,Pan Home,,Nilamey Coffee Table Veneer - Brown & White,living room,041ULF1900001,https://www.panhomestores.com/ksa_en/nilamey-coffee-table-veneer-brown-white-041ulf1900001,56,missing_price|unknown_availability|missing_dimensions,,,,,
Pan Home Saudi Arabia,Pan Home,,Nior 1+2 Coffee Table Set - Brown,living room,041XGD1900117,https://www.panhomestores.com/ksa_en/nior-1-2-coffee-tabe-set-brown-041xgd1900117,56,missing_price|unknown_availability|missing_dimensions,,,,,
Pan Home Saudi Arabia,Pan Home,,Angelina Coffee Table - White Champagne,living room,041JFC0800003,https://www.panhomestores.com/ksa_en/angelina-coffee-table-white-champange-041jfc0800003,56,missing_price|unknown_availability|missing_dimensions,,,,,
IKEA Saudi Arabia,IKEA,,"MÄVINN Rug, flatwoven, yellow/stripe pattern, 70x200 cm",soft furnishings,106.151.21,https://www.ikea.com/sa/en/p/maevinn-rug-flatwoven-yellow-stripe-pattern-10615121/,56,missing_price|unknown_availability|missing_dimensions,,,,,
IKEA Saudi Arabia,IKEA,,"HUSSPARV Rug, green, 100x133 cm",soft furnishings,706.150.62,https://www.ikea.com/sa/en/p/hussparv-rug-green-70615062/,56,missing_price|unknown_availability|missing_dimensions,,,,,
IKEA Saudi Arabia,IKEA,,"HOVET Mirror, aluminium, 78x196 cm",home decor,500.382.13,https://www.ikea.com/sa/en/p/hovet-mirror-aluminium-50038213/,56,missing_price|unknown_availability|missing_dimensions,,,,,
IKEA Saudi Arabia,IKEA,,"MICKE Desk, white, 105x50 cm",home office,802.130.74,https://www.ikea.com/sa/en/p/micke-desk-white-80213074/,56,missing_price|unknown_availability|missing_dimensions,,,,,
IKEA Saudi Arabia,IKEA,,"LOHALS Rug, flatwoven, natural, 160x230 cm",soft furnishings,502.773.93,https://www.ikea.com/sa/en/p/lohals-rug-flatwoven-natural-50277393/,56,missing_price|unknown_availability|missing_dimensions,,,,,
IKEA Saudi Arabia,IKEA,,"NISSEDAL Mirror, black, 40x150 cm",home decor,303.203.21,https://www.ikea.com/sa/en/p/nissedal-mirror-black-30320321/,56,missing_price|unknown_availability|missing_dimensions,,,,,
IKEA Saudi Arabia,IKEA,,"TIBAST Curtains, 1 pair, white, 145x300 cm",soft furnishings,103.967.60,https://www.ikea.com/sa/en/p/tibast-curtains-1-pair-white-with-heading-tape-10396760/,56,missing_price|unknown_availability|missing_dimensions,,,,,
IKEA Saudi Arabia,IKEA,,"UTMANING Gaming desk, black, 120x80 cm",home office,295.717.06,https://www.ikea.com/sa/en/p/utmaning-gaming-desk-black-s29571706/,56,missing_price|unknown_availability|missing_dimensions,,,,,
IKEA Saudi Arabia,IKEA,,"SORTSÖ Rug, flatwoven, unbleached, 55x85 cm",soft furnishings,704.185.18,https://www.ikea.com/sa/en/p/sortsoe-rug-flatwoven-unbleached-70418518/,56,missing_price|unknown_availability|missing_dimensions,,,,,
IKEA Saudi Arabia,IKEA,,"LÄRBRO Mirror, 48x60 cm",home decor,406.017.78,https://www.ikea.com/sa/en/p/laerbro-mirror-40601778/,56,missing_price|unknown_availability|missing_dimensions,,,,,
IKEA Saudi Arabia,IKEA,,"MÄVINN Curtains, 1 pair, black/white/green, 110x300 cm",soft furnishings,606.199.61,https://www.ikea.com/sa/en/p/maevinn-curtains-1-pair-black-white-stripe-green-60619961/,56,missing_price|unknown_availability|missing_dimensions,,,,,
IKEA Saudi Arabia,IKEA,,"MALM Desk, white, 140x65 cm",home office,602.141.59,https://www.ikea.com/sa/en/p/malm-desk-white-60214159/,56,missing_price|unknown_availability|missing_dimensions,,,,,
IKEA Saudi Arabia,IKEA,,"BREVBÄRARE Rug, high pile, deep beige, 160x230 cm",soft furnishings,406.262.79,https://www.ikea.com/sa/en/p/brevbaerare-rug-high-pile-deep-beige-40626279/,56,missing_price|unknown_availability|missing_dimensions,,,,,
IKEA Saudi Arabia,IKEA,,"BLODLÖNN Mirror, 30x30 cm",home decor,305.423.79,https://www.ikea.com/sa/en/p/blodloenn-mirror-30542379/,56,missing_price|unknown_availability|missing_dimensions,,,,,
IKEA Saudi Arabia,IKEA,,"LENDA Curtains with tie-backs, off-white",soft furnishings,406.332.46,https://www.ikea.com/sa/en/p/lenda-curtains-with-tie-backs-1-pair-off-white-with-heading-tape-40633246/,56,missing_price|unknown_availability|missing_dimensions,,,,,
IKEA Saudi Arabia,IKEA,,"ENKROKEN Desk, white, 85x56x75 cm",home office,505.870.79,https://www.ikea.com/sa/en/p/enkroken-desk-white-50587079/,56,missing_price|unknown_availability|missing_dimensions,,,,,
IKEA Saudi Arabia,IKEA,,"TIPHEDE Rug, flatwoven, natural/black, 120x180 cm",soft furnishings,404.567.57,https://www.ikea.com/sa/en/p/tiphede-rug-flatwoven-natural-black-40456757/,56,missing_price|unknown_availability|missing_dimensions,,,,,
IKEA Saudi Arabia,IKEA,,"TROTTEN Desk, ash effect/white, 160x80 cm",home office,396.219.23,https://www.ikea.com/sa/en/p/trotten-desk-ash-effect-white-s39621923/,56,missing_price|unknown_availability|missing_dimensions,,,,,
IKEA Saudi Arabia,IKEA,,"MÄVINN Rug, flatwoven, multicolour, 60x90 cm",soft furnishings,106.151.40,https://www.ikea.com/sa/en/p/maevinn-rug-flatwoven-multicolour-10615140/,56,missing_price|unknown_availability|missing_dimensions,,,,,
IKEA Saudi Arabia,IKEA,,"LINDBYN Mirror, black, 60x120 cm",home decor,304.586.10,https://www.ikea.com/sa/en/p/lindbyn-mirror-black-30458610/,56,missing_price|unknown_availability|missing_dimensions,,,,,
IKEA Saudi Arabia,IKEA,,"SLÅNHÖSTMAL Curtains, 1 pair, white/black stripe, 145x300 cm",soft furnishings,206.078.42,https://www.ikea.com/sa/en/p/slanhoestmal-curtains-1-pair-white-black-stripe-with-eyelets-20607842/,56,missing_price|unknown_availability|missing_dimensions,,,,,
IKEA Saudi Arabia,IKEA,,"MICKE Desk, white, 73x50 cm",home office,302.130.76,https://www.ikea.com/sa/en/p/micke-desk-white-30213076/,56,missing_price|unknown_availability|missing_dimensions,,,,,
